LEA,SchoolCode,Charter,TotalStudents,LowIncomeStudents,PctLowIncome,SchoolServed,SchoolYear
10,10303,N,74,29,39.19,N,2013-14
10,10304,N,538,261,48.51,N,2013-14
10,10308,N,580,232,40,N,2013-14
10,10310,N,743,673,90.58,Y,2013-14
10,10311,N,0,0,,N,2013-14
10,10312,N,669,206,30.79,N,2013-14
10,10320,N,347,147,42.36,N,2013-14
10,10324,N,1134,390,34.39,N,2013-14
10,10326,N,479,457,95.41,Y,2013-14
10,10328,N,636,231,36.32,N,2013-14
10,10340,N,665,241,36.24,N,2013-14
10,10346,N,423,242,57.21,Y,2013-14
10,10347,N,667,367,55.02,N,2013-14
10,10348,N,791,549,69.41,N,2013-14
10,10350,N,682,552,80.94,Y,2013-14
10,10351,N,562,452,80.43,Y,2013-14
10,10353,N,697,362,51.94,N,2013-14
10,10354,N,652,625,95.86,Y,2013-14
10,10357,N,495,464,93.74,Y,2013-14
10,10358,N,500,405,81,Y,2013-14
10,10360,N,828,670,80.92,N,2013-14
10,10362,N,482,239,49.59,N,2013-14
10,10364,N,362,299,82.6,Y,2013-14
10,10372,N,216,173,80.09,Y,2013-14
10,10374,N,594,556,93.6,Y,2013-14
10,10378,N,92,75,81.52,N,2013-14
10,10380,N,605,463,76.53,Y,2013-14
10,10384,N,514,194,37.74,N,2013-14
10,10388,N,1442,515,35.71,N,2013-14
10,10390,N,839,330,39.33,N,2013-14
10,10392,N,297,182,61.28,Y,2013-14
10,10394,N,925,577,62.38,Y,2013-14
10,10396,N,1073,516,48.09,N,2013-14
10,10400,N,1191,272,22.84,N,2013-14
10,10403,N,898,302,33.63,N,2013-14
10,10406,N,594,264,44.44,N,2013-14
01B,01B000,Y,579,147,25.39,Y,2013-14
01C,01C000,Y,492,172,34.96,Y,2013-14
01D,01D000,Y,172,0,0,N,2013-14
20,20302,N,1361,618,45.41,N,2013-14
20,20304,N,503,205,40.76,Y,2013-14
20,20306,N,669,393,58.74,N,2013-14
20,20308,N,305,179,58.69,Y,2013-14
20,20316,N,486,323,66.46,Y,2013-14
20,20320,N,302,185,61.26,Y,2013-14
20,20324,N,288,156,54.17,Y,2013-14
20,20328,N,272,231,84.93,Y,2013-14
20,20330,N,588,260,44.22,N,2013-14
20,20332,N,299,159,53.18,Y,2013-14
30,30304,N,410,232,56.59,N,2013-14
30,30308,N,274,199,72.63,Y,2013-14
30,30316,N,180,96,53.33,Y,2013-14
30,30320,N,607,454,74.79,Y,2013-14
40,40304,N,162,78,48.15,N,2013-14
40,40305,N,102,89,87.25,N,2013-14
40,40306,N,733,546,74.49,N,2013-14
40,40308,N,317,219,69.09,Y,2013-14
40,40309,N,537,408,75.98,N,2013-14
40,40311,N,468,406,86.75,Y,2013-14
40,40316,N,360,271,75.28,Y,2013-14
40,40324,N,267,249,93.26,Y,2013-14
40,40328,N,551,368,66.79,Y,2013-14
40,40330,N,245,230,93.88,Y,2013-14
40,40700,N,126,77,61.11,N,2013-14
50,50302,N,926,489,52.81,N,2013-14
50,50305,N,507,303,59.76,N,2013-14
50,50310,N,517,361,69.83,Y,2013-14
50,50330,N,587,382,65.08,Y,2013-14
50,50335,N,618,361,58.41,Y,2013-14
60,60302,N,337,194,57.57,N,2013-14
60,60304,N,196,93,47.45,Y,2013-14
60,60310,N,207,131,63.29,Y,2013-14
60,60316,N,240,119,49.58,Y,2013-14
60,60318,N,312,190,60.9,Y,2013-14
60,60322,N,246,187,76.02,Y,2013-14
60,60328,N,256,179,69.92,Y,2013-14
60,60332,N,138,87,63.04,Y,2013-14
60,60334,N,40,25,62.5,N,2013-14
60,60700,N,106,45,42.45,N,2013-14
60,60701,N,170,109,64.12,N,2013-14
06A,06A000,Y,33,33,100,Y,2013-14
06B,06B000,Y,99,78,78.79,Y,2013-14
70,70302,N,607,464,76.44,Y,2013-14
70,70308,N,595,245,41.18,Y,2013-14
70,70310,N,58,57,98.28,N,2013-14
70,70311,N,195,101,51.79,N,2013-14
70,70325,N,457,324,70.9,N,2013-14
70,70326,N,512,369,72.07,Y,2013-14
70,70327,N,560,407,72.68,Y,2013-14
70,70328,N,602,409,67.94,Y,2013-14
70,70329,N,565,402,71.15,Y,2013-14
70,70330,N,442,225,50.9,N,2013-14
70,70338,N,856,589,68.81,N,2013-14
70,70339,N,408,274,67.16,N,2013-14
70,70340,N,182,176,96.7,Y,2013-14
70,70342,N,961,551,57.34,N,2013-14
07A,07A000,Y,329,87,26.44,N,2013-14
80,80311,N,117,65,55.56,N,2013-14
80,80312,N,513,455,88.69,Y,2013-14
80,80314,N,637,553,86.81,Y,2013-14
80,80348,N,163,148,90.8,Y,2013-14
80,80356,N,335,305,91.04,Y,2013-14
80,80360,N,226,196,86.73,Y,2013-14
80,80362,N,462,395,85.5,Y,2013-14
80,80375,N,0,0,,N,2013-14
80,80700,N,158,98,62.03,N,2013-14
90,90304,N,204,195,95.59,Y,2013-14
90,90315,N,363,268,73.83,Y,2013-14
90,90317,N,417,320,76.74,Y,2013-14
90,90318,N,305,229,75.08,Y,2013-14
90,90320,N,333,185,55.56,N,2013-14
90,90324,N,289,218,75.43,Y,2013-14
90,90328,N,163,147,90.18,Y,2013-14
90,90330,N,636,464,72.96,N,2013-14
90,90332,N,420,368,87.62,Y,2013-14
90,90333,N,497,411,82.7,Y,2013-14
90,90352,N,179,157,87.71,Y,2013-14
90,90365,N,378,317,83.86,Y,2013-14
90,90368,N,741,467,63.02,N,2013-14
09A,09A000,Y,59,57,96.61,N,2013-14
100,100302,N,754,411,54.51,Y,2013-14
100,100304,N,493,321,65.11,Y,2013-14
100,100307,N,320,131,40.94,N,2013-14
100,100308,N,146,113,77.4,N,2013-14
100,100309,N,484,346,71.49,Y,2013-14
100,100310,N,403,316,78.41,Y,2013-14
100,100316,N,786,521,66.28,Y,2013-14
100,100320,N,515,451,87.57,Y,2013-14
100,100326,N,943,560,59.38,N,2013-14
100,100332,N,613,385,62.81,Y,2013-14
100,100334,N,1025,469,45.76,N,2013-14
100,100335,N,813,428,52.64,Y,2013-14
100,100336,N,725,420,57.93,Y,2013-14
100,100338,N,704,572,81.25,Y,2013-14
100,100339,N,489,300,61.35,Y,2013-14
100,100340,N,637,362,56.83,Y,2013-14
100,100342,N,636,445,69.97,Y,2013-14
100,100344,N,567,397,70.02,Y,2013-14
100,100348,N,1301,656,50.42,N,2013-14
10A,10A000,Y,920,369,40.11,Y,2013-14
110,110303,N,122,112,91.8,N,2013-14
110,110304,N,1386,598,43.15,N,2013-14
110,110306,N,629,377,59.94,N,2013-14
110,110308,N,175,129,73.71,Y,2013-14
110,110318,N,237,123,51.9,Y,2013-14
110,110320,N,494,274,55.47,Y,2013-14
110,110322,N,250,114,45.6,N,2013-14
110,110323,N,86,37,43.02,N,2013-14
110,110324,N,603,404,67,Y,2013-14
110,110326,N,678,246,36.28,N,2013-14
110,110332,N,304,177,58.22,Y,2013-14
110,110336,N,796,397,49.87,N,2013-14
110,110338,N,582,358,61.51,N,2013-14
110,110340,N,1274,801,62.87,N,2013-14
110,110342,N,830,600,72.29,N,2013-14
110,110348,N,427,393,92.04,Y,2013-14
110,110352,N,1211,656,54.17,N,2013-14
110,110356,N,737,348,47.22,Y,2013-14
110,110366,N,486,178,36.63,N,2013-14
110,110368,N,418,213,50.96,Y,2013-14
110,110370,N,487,234,48.05,Y,2013-14
110,110372,N,335,299,89.25,Y,2013-14
110,110376,N,504,353,70.04,Y,2013-14
110,110379,N,707,391,55.3,Y,2013-14
110,110380,N,1064,421,39.57,N,2013-14
110,110381,N,663,326,49.17,N,2013-14
110,110382,N,603,312,51.74,Y,2013-14
110,110384,N,468,356,76.07,Y,2013-14
110,110388,N,233,158,67.81,Y,2013-14
110,110401,N,1069,646,60.43,N,2013-14
110,110408,N,734,529,72.07,Y,2013-14
110,110410,N,662,412,62.24,Y,2013-14
110,110412,N,443,315,71.11,Y,2013-14
110,110416,N,1459,528,36.19,N,2013-14
110,110420,N,547,268,48.99,N,2013-14
110,110422,N,738,374,50.68,Y,2013-14
110,110428,N,324,174,53.7,Y,2013-14
110,110432,N,263,124,47.15,Y,2013-14
110,110436,N,628,421,67.04,Y,2013-14
110,110444,N,144,101,70.14,Y,2013-14
110,110450,N,816,405,49.63,Y,2013-14
110,110451,N,843,636,75.44,Y,2013-14
111,111302,N,1030,435,42.23,N,2013-14
111,111304,N,297,240,80.81,Y,2013-14
111,111306,N,474,183,38.61,Y,2013-14
111,111312,N,424,186,43.87,Y,2013-14
111,111332,N,412,175,42.48,Y,2013-14
111,111356,N,788,411,52.16,N,2013-14
111,111360,N,458,218,47.6,Y,2013-14
111,111700,N,247,61,24.7,N,2013-14
11A,11A000,Y,408,175,42.89,Y,2013-14
11B,11B000,Y,379,195,51.45,Y,2013-14
11K,11K000,Y,162,73,45.06,Y,2013-14
120,120304,N,211,186,88.15,Y,2013-14
120,120308,N,107,86,80.37,N,2013-14
120,120310,N,98,39,39.8,N,2013-14
120,120312,N,466,311,66.74,Y,2013-14
120,120314,N,821,434,52.86,N,2013-14
120,120315,N,773,493,63.78,N,2013-14
120,120316,N,467,289,61.88,Y,2013-14
120,120318,N,997,591,59.28,N,2013-14
120,120320,N,360,242,67.22,Y,2013-14
120,120324,N,417,301,72.18,Y,2013-14
120,120334,N,635,352,55.43,N,2013-14
120,120338,N,346,218,63.01,Y,2013-14
120,120340,N,458,436,95.2,Y,2013-14
120,120344,N,268,178,66.42,Y,2013-14
120,120346,N,654,339,51.83,N,2013-14
120,120350,N,626,341,54.47,N,2013-14
120,120352,N,60,39,65,N,2013-14
120,120360,N,307,193,62.87,Y,2013-14
120,120364,N,445,277,62.25,Y,2013-14
120,120368,N,420,294,70,Y,2013-14
120,120370,N,893,434,48.6,N,2013-14
120,120372,N,214,117,54.67,Y,2013-14
120,120374,N,597,345,57.79,Y,2013-14
120,120376,N,579,390,67.36,N,2013-14
120,120380,N,435,241,55.4,Y,2013-14
120,120386,N,380,283,74.47,Y,2013-14
120,120390,N,455,331,72.75,N,2013-14
12A,12A000,Y,187,47,25.13,Y,2013-14
130,130304,N,875,559,63.89,Y,2013-14
130,130307,N,1074,203,18.9,N,2013-14
130,130308,N,636,264,41.51,N,2013-14
130,130309,N,333,207,62.16,Y,2013-14
130,130310,N,922,462,50.11,N,2013-14
130,130311,N,494,256,51.82,Y,2013-14
130,130312,N,857,116,13.54,N,2013-14
130,130313,N,922,629,68.22,N,2013-14
130,130314,N,904,467,51.66,N,2013-14
130,130315,N,493,124,25.15,N,2013-14
130,130316,N,1029,407,39.55,N,2013-14
130,130317,N,147,123,83.67,N,2013-14
130,130318,N,1027,620,60.37,N,2013-14
130,130319,N,1288,129,10.02,N,2013-14
130,130320,N,1101,237,21.53,N,2013-14
130,130321,N,743,314,42.26,Y,2013-14
130,130322,N,688,285,41.42,N,2013-14
130,130323,N,662,295,44.56,N,2013-14
130,130324,N,650,229,35.23,N,2013-14
130,130325,N,787,274,34.82,N,2013-14
130,130326,N,944,364,38.56,N,2013-14
130,130327,N,901,474,52.61,N,2013-14
130,130328,N,347,284,81.84,Y,2013-14
130,130329,N,767,496,64.67,Y,2013-14
130,130330,N,298,153,51.34,Y,2013-14
130,130331,N,968,286,29.55,N,2013-14
130,130332,N,1152,238,20.66,N,2013-14
130,130333,N,82,36,43.9,N,2013-14
130,130335,N,67,67,100,N,2013-14
130,130336,N,1043,197,18.89,N,2013-14
130,130338,N,847,521,61.51,Y,2013-14
130,130340,N,848,584,68.87,Y,2013-14
130,130342,N,774,515,66.54,Y,2013-14
130,130344,N,565,458,81.06,Y,2013-14
130,130345,N,709,245,34.56,N,2013-14
130,130346,N,1140,223,19.56,N,2013-14
130,130350,N,182,76,41.76,N,2013-14
130,130355,N,994,499,50.2,N,2013-14
132,132304,N,1380,853,61.81,N,2013-14
132,132308,N,598,409,68.39,Y,2013-14
132,132312,N,379,322,84.96,Y,2013-14
132,132328,N,454,359,79.07,Y,2013-14
132,132329,N,858,663,77.27,Y,2013-14
132,132330,N,779,570,73.17,N,2013-14
132,132332,N,389,290,74.55,Y,2013-14
132,132336,N,539,466,86.46,Y,2013-14
13A,13A000,Y,548,19,3.47,N,2013-14
13B,13B000,Y,661,10,1.51,N,2013-14
140,140304,N,413,284,68.77,Y,2013-14
140,140305,N,179,76,42.46,N,2013-14
140,140306,N,54,43,79.63,Y,2013-14
140,140307,N,25,24,96,Y,2013-14
140,140308,N,353,225,63.74,Y,2013-14
140,140309,N,274,54,19.71,N,2013-14
140,140312,N,541,350,64.7,Y,2013-14
140,140316,N,497,227,45.67,Y,2013-14
140,140324,N,560,442,78.93,Y,2013-14
140,140332,N,638,497,77.9,Y,2013-14
140,140336,N,632,316,50,Y,2013-14
140,140340,N,668,335,50.15,Y,2013-14
140,140344,N,275,161,58.55,Y,2013-14
140,140348,N,685,301,43.94,N,2013-14
140,140352,N,794,407,51.26,Y,2013-14
140,140356,N,790,442,55.95,Y,2013-14
140,140360,N,235,158,67.23,Y,2013-14
140,140368,N,486,305,62.76,Y,2013-14
140,140372,N,353,161,45.61,Y,2013-14
140,140376,N,146,82,56.16,Y,2013-14
140,140384,N,306,166,54.25,Y,2013-14
140,140386,N,1258,420,33.39,N,2013-14
140,140388,N,260,225,86.54,Y,2013-14
140,140390,N,661,413,62.48,N,2013-14
140,140392,N,183,180,98.36,Y,2013-14
140,140396,N,348,294,84.48,Y,2013-14
150,150304,N,412,118,28.64,N,2013-14
150,150308,N,555,207,37.3,Y,2013-14
150,150310,N,462,172,37.23,N,2013-14
150,150312,N,307,93,30.29,N,2013-14
150,150700,N,143,37,25.87,N,2013-14
160,160304,N,97,56,57.73,Y,2013-14
160,160306,N,428,234,54.67,Y,2013-14
160,160308,N,423,270,63.83,Y,2013-14
160,160309,N,40,10,25,N,2013-14
160,160310,N,294,148,50.34,N,2013-14
160,160311,N,677,215,31.76,N,2013-14
160,160313,N,535,223,41.68,N,2013-14
160,160314,N,851,202,23.74,N,2013-14
160,160316,N,124,63,50.81,Y,2013-14
160,160317,N,279,126,45.16,Y,2013-14
160,160318,N,526,210,39.92,N,2013-14
160,160322,N,671,348,51.86,Y,2013-14
160,160324,N,776,447,57.6,Y,2013-14
160,160326,N,492,289,58.74,N,2013-14
160,160332,N,299,137,45.82,Y,2013-14
160,160344,N,1152,420,36.46,N,2013-14
160,160352,N,770,214,27.79,N,2013-14
16A,16A000,Y,54,49,90.74,N,2013-14
16B,16B000,Y,185,59,31.89,Y,2013-14
170,170316,N,753,457,60.69,N,2013-14
170,170334,N,452,324,71.68,Y,2013-14
170,170338,N,706,470,66.57,N,2013-14
170,170339,N,360,305,84.72,Y,2013-14
170,170342,N,351,244,69.52,Y,2013-14
170,170344,N,186,131,70.43,Y,2013-14
180,180302,N,678,367,54.13,N,2013-14
180,180304,N,678,363,53.54,Y,2013-14
180,180308,N,544,189,34.74,N,2013-14
180,180312,N,322,190,59.01,Y,2013-14
180,180316,N,708,363,51.27,Y,2013-14
180,180320,N,755,441,58.41,N,2013-14
180,180323,N,45,36,80,N,2013-14
180,180324,N,497,328,66,Y,2013-14
180,180325,N,311,157,50.48,N,2013-14
180,180326,N,519,237,45.66,Y,2013-14
180,180332,N,424,265,62.5,Y,2013-14
180,180336,N,523,183,34.99,N,2013-14
180,180340,N,880,334,37.95,N,2013-14
180,180342,N,571,251,43.96,N,2013-14
180,180343,N,509,329,64.64,Y,2013-14
180,180344,N,558,341,61.11,Y,2013-14
180,180346,N,503,260,51.69,N,2013-14
180,180348,N,736,350,47.55,N,2013-14
180,180352,N,434,162,37.33,N,2013-14
180,180356,N,777,323,41.57,N,2013-14
180,180360,N,636,406,63.84,Y,2013-14
180,180364,N,547,356,65.08,N,2013-14
180,180368,N,577,166,28.77,N,2013-14
180,180372,N,732,618,84.43,Y,2013-14
180,180376,N,991,527,53.18,N,2013-14
180,180379,N,573,257,44.85,Y,2013-14
180,180380,N,576,282,48.96,Y,2013-14
180,180388,N,450,357,79.33,Y,2013-14
181,181312,N,555,301,54.23,Y,2013-14
181,181316,N,456,299,65.57,Y,2013-14
181,181318,N,179,132,73.74,Y,2013-14
181,181322,N,745,360,48.32,N,2013-14
181,181326,N,464,212,45.69,Y,2013-14
181,181332,N,362,346,95.58,Y,2013-14
181,181336,N,371,212,57.14,Y,2013-14
181,181342,N,353,296,83.85,Y,2013-14
181,181344,N,618,411,66.5,Y,2013-14
182,182304,N,156,102,65.38,N,2013-14
182,182316,N,774,440,56.85,N,2013-14
182,182321,N,682,475,69.65,N,2013-14
182,182322,N,582,349,59.97,Y,2013-14
182,182324,N,327,252,77.06,Y,2013-14
182,182328,N,487,402,82.55,Y,2013-14
182,182700,N,149,75,50.34,N,2013-14
190,190304,N,231,76,32.9,N,2013-14
190,190308,N,383,201,52.48,Y,2013-14
190,190310,N,59,27,45.76,N,2013-14
190,190312,N,458,410,89.52,Y,2013-14
190,190316,N,395,120,30.38,N,2013-14
190,190328,N,413,183,44.31,Y,2013-14
190,190332,N,314,186,59.24,Y,2013-14
190,190336,N,737,390,52.92,N,2013-14
190,190339,N,554,161,29.06,N,2013-14
190,190340,N,271,113,41.7,Y,2013-14
190,190341,N,553,229,41.41,Y,2013-14
190,190342,N,1056,279,26.42,N,2013-14
190,190346,N,559,134,23.97,N,2013-14
190,190348,N,493,198,40.16,Y,2013-14
190,190350,N,669,560,83.71,Y,2013-14
190,190352,N,398,158,39.7,N,2013-14
190,190370,N,516,489,94.77,Y,2013-14
19A,19A000,Y,328,0,0,N,2013-14
19B,19B000,Y,506,25,4.94,N,2013-14
19C,19C000,Y,90,7,7.78,N,2013-14
200,200304,N,366,282,77.05,Y,2013-14
200,200308,N,235,160,68.09,N,2013-14
200,200310,N,226,176,77.88,N,2013-14
200,200312,N,182,149,81.87,Y,2013-14
200,200314,N,183,114,62.3,N,2013-14
200,200316,N,142,113,79.58,Y,2013-14
200,200320,N,220,173,78.64,Y,2013-14
200,200322,N,36,33,91.67,N,2013-14
200,200324,N,455,310,68.13,Y,2013-14
200,200328,N,445,250,56.18,N,2013-14
200,200330,N,350,241,68.86,N,2013-14
200,200332,N,156,131,83.97,Y,2013-14
200,200336,N,329,244,74.16,Y,2013-14
200,200350,N,132,53,40.15,N,2013-14
20A,20A000,Y,179,133,74.3,Y,2013-14
210,210304,N,521,352,67.56,N,2013-14
210,210306,N,494,320,64.78,Y,2013-14
210,210312,N,659,387,58.73,N,2013-14
210,210316,N,614,432,70.36,Y,2013-14
220,220308,N,555,361,65.05,Y,2013-14
220,220310,N,370,174,47.03,N,2013-14
220,220312,N,442,267,60.41,N,2013-14
230,230304,N,413,258,62.47,Y,2013-14
230,230308,N,565,303,53.63,Y,2013-14
230,230312,N,908,505,55.62,N,2013-14
230,230316,N,860,563,65.47,N,2013-14
230,230320,N,275,167,60.73,Y,2013-14
230,230322,N,162,106,65.43,N,2013-14
230,230324,N,994,471,47.38,N,2013-14
230,230328,N,1001,567,56.64,N,2013-14
230,230330,N,103,94,91.26,N,2013-14
230,230334,N,251,194,77.29,Y,2013-14
230,230336,N,494,355,71.86,Y,2013-14
230,230340,N,576,365,63.37,Y,2013-14
230,230342,N,279,260,93.19,Y,2013-14
230,230344,N,328,239,72.87,Y,2013-14
230,230346,N,307,276,89.9,Y,2013-14
230,230348,N,382,192,50.26,Y,2013-14
230,230350,N,1028,502,48.83,N,2013-14
230,230351,N,680,405,59.56,N,2013-14
230,230352,N,651,358,54.99,N,2013-14
230,230355,N,367,229,62.4,Y,2013-14
230,230357,N,247,165,66.8,Y,2013-14
230,230359,N,94,78,82.98,N,2013-14
230,230361,N,663,385,58.07,N,2013-14
230,230362,N,467,313,67.02,N,2013-14
230,230364,N,641,335,52.26,Y,2013-14
230,230368,N,694,543,78.24,Y,2013-14
230,230370,N,415,299,72.05,Y,2013-14
230,230376,N,342,270,78.95,Y,2013-14
230,230380,N,304,145,47.7,Y,2013-14
23A,23A000,Y,308,32,10.39,N,2013-14
240,240304,N,176,128,72.73,Y,2013-14
240,240308,N,371,267,71.97,Y,2013-14
240,240328,N,390,281,72.05,Y,2013-14
240,240330,N,178,163,91.57,Y,2013-14
240,240332,N,354,341,96.33,Y,2013-14
240,240334,N,495,298,60.2,N,2013-14
240,240344,N,300,231,77,Y,2013-14
240,240352,N,178,143,80.34,Y,2013-14
240,240354,N,392,313,79.85,Y,2013-14
240,240356,N,242,160,66.12,Y,2013-14
240,240368,N,232,162,69.83,Y,2013-14
240,240370,N,270,184,68.15,Y,2013-14
240,240371,N,739,362,48.99,N,2013-14
240,240372,N,451,370,82.04,Y,2013-14
240,240373,N,195,96,49.23,N,2013-14
240,240376,N,254,190,74.8,Y,2013-14
240,240380,N,441,315,71.43,N,2013-14
240,240388,N,714,442,61.9,Y,2013-14
241,241304,N,539,338,62.71,Y,2013-14
241,241308,N,521,401,76.97,Y,2013-14
241,241312,N,35,28,80,Y,2013-14
241,241316,N,730,404,55.34,Y,2013-14
241,241320,N,593,494,83.31,Y,2013-14
24B,24B000,Y,,,,N,2013-14
24C,24C000,Y,200,190,95,N,2013-14
24N,24N000,Y,725,290,40,Y,2013-14
250,250304,N,439,221,50.34,Y,2013-14
250,250306,N,518,284,54.83,Y,2013-14
250,250308,N,541,347,64.14,Y,2013-14
250,250312,N,716,299,41.76,Y,2013-14
250,250314,N,167,82,49.1,N,2013-14
250,250316,N,563,141,25.04,N,2013-14
250,250320,N,619,489,79,Y,2013-14
250,250321,N,145,47,32.41,N,2013-14
250,250324,N,612,432,70.59,N,2013-14
250,250328,N,334,211,63.17,Y,2013-14
250,250332,N,892,476,53.36,N,2013-14
250,250336,N,302,217,71.85,Y,2013-14
250,250340,N,1084,465,42.9,N,2013-14
250,250344,N,480,334,69.58,N,2013-14
250,250348,N,364,329,90.38,Y,2013-14
250,250350,N,470,364,77.45,Y,2013-14
250,250356,N,1547,843,54.49,N,2013-14
250,250360,N,422,370,87.68,Y,2013-14
250,250362,N,394,287,72.84,Y,2013-14
250,250364,N,420,330,78.57,Y,2013-14
250,250368,N,517,215,41.59,N,2013-14
250,250372,N,897,608,67.78,N,2013-14
250,250376,N,832,622,74.76,N,2013-14
250,250378,N,495,222,44.85,Y,2013-14
250,250380,N,544,268,49.26,Y,2013-14
260,260302,N,278,108,38.85,N,2013-14
260,260306,N,412,247,59.95,Y,2013-14
260,260308,N,272,145,53.31,Y,2013-14
260,260310,N,559,335,59.93,Y,2013-14
260,260312,N,132,75,56.82,Y,2013-14
260,260316,N,192,157,81.77,Y,2013-14
260,260318,N,1689,480,28.42,N,2013-14
260,260320,N,511,435,85.13,Y,2013-14
260,260321,N,736,595,80.84,Y,2013-14
260,260322,N,955,745,78.01,Y,2013-14
260,260325,N,1317,594,45.1,N,2013-14
260,260326,N,731,614,83.99,Y,2013-14
260,260332,N,475,151,31.79,N,2013-14
260,260336,N,581,360,61.96,N,2013-14
260,260338,N,586,444,75.77,Y,2013-14
260,260340,N,409,289,70.66,Y,2013-14
260,260342,N,600,381,63.5,Y,2013-14
260,260344,N,253,215,84.98,Y,2013-14
260,260347,N,106,49,46.23,N,2013-14
260,260348,N,716,496,69.27,Y,2013-14
260,260352,N,447,365,81.66,Y,2013-14
260,260354,N,224,135,60.27,N,2013-14
260,260356,N,265,126,47.55,Y,2013-14
260,260357,N,1036,441,42.57,N,2013-14
260,260358,N,563,473,84.01,Y,2013-14
260,260359,N,953,632,66.32,N,2013-14
260,260361,N,314,282,89.81,Y,2013-14
260,260362,N,1004,455,45.32,N,2013-14
260,260363,N,238,140,58.82,Y,2013-14
260,260364,N,627,418,66.67,Y,2013-14
260,260365,N,900,474,52.67,N,2013-14
260,260366,N,553,201,36.35,N,2013-14
260,260367,N,865,563,65.09,Y,2013-14
260,260368,N,695,374,53.81,N,2013-14
260,260369,N,952,286,30.04,N,2013-14
260,260370,N,720,390,54.17,Y,2013-14
260,260371,N,401,331,82.54,Y,2013-14
260,260372,N,704,521,74.01,N,2013-14
260,260373,N,843,423,50.18,Y,2013-14
260,260374,N,32,23,71.88,N,2013-14
260,260375,N,427,174,40.75,Y,2013-14
260,260380,N,495,176,35.56,N,2013-14
260,260382,N,447,351,78.52,Y,2013-14
260,260383,N,1222,639,52.29,N,2013-14
260,260386,N,299,233,77.93,Y,2013-14
260,260388,N,317,101,31.86,N,2013-14
260,260396,N,436,344,78.9,Y,2013-14
260,260397,N,751,295,39.28,N,2013-14
260,260398,N,595,337,56.64,Y,2013-14
260,260400,N,431,332,77.03,Y,2013-14
260,260401,N,538,355,65.99,Y,2013-14
260,260402,N,375,304,81.07,Y,2013-14
260,260403,N,691,344,49.78,Y,2013-14
260,260404,N,472,386,81.78,Y,2013-14
260,260405,N,323,304,94.12,Y,2013-14
260,260406,N,751,337,44.87,N,2013-14
260,260407,N,626,316,50.48,Y,2013-14
260,260408,N,1360,694,51.03,N,2013-14
260,260410,N,398,284,71.36,Y,2013-14
260,260411,N,300,128,42.67,N,2013-14
260,260412,N,242,90,37.19,N,2013-14
260,260413,N,76,65,85.53,N,2013-14
260,260414,N,516,372,72.09,Y,2013-14
260,260415,N,769,381,49.54,Y,2013-14
260,260416,N,264,195,73.86,Y,2013-14
260,260417,N,355,163,45.92,N,2013-14
260,260418,N,530,207,39.06,N,2013-14
260,260419,N,405,223,55.06,N,2013-14
260,260424,N,1358,754,55.52,N,2013-14
260,260425,N,781,519,66.45,N,2013-14
260,260426,N,456,349,76.54,Y,2013-14
260,260427,N,1525,817,53.57,N,2013-14
260,260428,N,491,393,80.04,Y,2013-14
260,260430,N,285,141,49.47,Y,2013-14
260,260432,N,155,91,58.71,Y,2013-14
260,260434,N,728,200,27.47,N,2013-14
260,260440,N,363,286,78.79,Y,2013-14
260,260444,N,173,159,91.91,Y,2013-14
260,260446,N,1111,452,40.68,N,2013-14
260,260448,N,543,196,36.1,N,2013-14
260,260449,N,119,91,76.47,N,2013-14
260,260450,N,456,362,79.39,Y,2013-14
260,260452,N,554,485,87.55,Y,2013-14
260,260454,N,802,578,72.07,N,2013-14
260,260455,N,918,624,67.97,N,2013-14
260,260459,N,682,504,73.9,Y,2013-14
260,260700,N,158,76,48.1,N,2013-14
26B,26B000,Y,550,440,80,Y,2013-14
270,270304,N,168,124,73.81,Y,2013-14
270,270306,N,922,274,29.72,N,2013-14
270,270308,N,356,146,41.01,N,2013-14
270,270309,N,240,129,53.75,Y,2013-14
270,270310,N,508,213,41.93,Y,2013-14
270,270311,N,202,45,22.28,N,2013-14
270,270312,N,103,45,43.69,Y,2013-14
270,270316,N,475,99,20.84,N,2013-14
270,270318,N,589,185,31.41,N,2013-14
270,270320,N,247,148,59.92,Y,2013-14
27A,27A000,Y,16,4,25,N,2013-14
280,280302,N,300,174,58,Y,2013-14
280,280304,N,281,152,54.09,N,2013-14
280,280306,N,34,34,100,N,2013-14
280,280308,N,443,117,26.41,N,2013-14
280,280310,N,590,290,49.15,Y,2013-14
280,280312,N,741,446,60.19,Y,2013-14
280,280316,N,432,175,40.51,N,2013-14
280,280320,N,373,199,53.35,N,2013-14
280,280324,N,397,184,46.35,Y,2013-14
280,280328,N,626,216,34.5,N,2013-14
280,280330,N,768,214,27.86,N,2013-14
290,290302,N,348,199,57.18,Y,2013-14
290,290306,N,579,190,32.82,N,2013-14
290,290307,N,398,265,66.58,Y,2013-14
290,290308,N,796,345,43.34,N,2013-14
290,290309,N,811,454,55.98,N,2013-14
290,290310,N,73,52,71.23,N,2013-14
290,290312,N,468,297,63.46,Y,2013-14
290,290314,N,52,40,76.92,N,2013-14
290,290315,N,105,59,56.19,N,2013-14
290,290316,N,549,234,42.62,N,2013-14
290,290320,N,371,219,59.03,Y,2013-14
290,290322,N,796,397,49.87,N,2013-14
290,290324,N,750,264,35.2,N,2013-14
290,290328,N,520,274,52.69,Y,2013-14
290,290330,N,482,161,33.4,N,2013-14
290,290332,N,589,317,53.82,Y,2013-14
290,290333,N,482,160,33.2,N,2013-14
290,290334,N,699,281,40.2,N,2013-14
290,290336,N,944,284,30.08,N,2013-14
290,290344,N,528,225,42.61,N,2013-14
290,290348,N,1177,310,26.34,N,2013-14
290,290350,N,827,288,34.82,N,2013-14
290,290351,N,743,237,31.9,N,2013-14
290,290352,N,448,241,53.79,Y,2013-14
290,290356,N,370,194,52.43,Y,2013-14
290,290364,N,269,209,77.7,Y,2013-14
290,290365,N,331,169,51.06,N,2013-14
290,290366,N,651,443,68.05,Y,2013-14
290,290367,N,388,228,58.76,N,2013-14
290,290375,N,413,240,58.11,Y,2013-14
290,290376,N,652,326,50,N,2013-14
290,290380,N,857,305,35.59,N,2013-14
290,290384,N,599,307,51.25,Y,2013-14
290,290388,N,590,257,43.56,N,2013-14
290,290389,N,46,23,50,N,2013-14
291,291308,N,574,487,84.84,Y,2013-14
291,291332,N,697,587,84.22,Y,2013-14
291,291336,N,745,582,78.12,N,2013-14
291,291340,N,368,344,93.48,Y,2013-14
291,291348,N,444,402,90.54,Y,2013-14
291,291350,N,30,18,60,N,2013-14
291,291352,N,359,319,88.86,Y,2013-14
292,292316,N,422,367,86.97,Y,2013-14
292,292318,N,801,747,93.26,Y,2013-14
292,292320,N,586,522,89.08,N,2013-14
292,292324,N,741,580,78.27,N,2013-14
300,300306,N,19,17,89.47,Y,2013-14
300,300308,N,457,371,81.18,Y,2013-14
300,300310,N,377,231,61.27,Y,2013-14
300,300312,N,1355,630,46.49,N,2013-14
300,300314,N,146,56,38.36,N,2013-14
300,300320,N,644,388,60.25,Y,2013-14
300,300325,N,463,181,39.09,N,2013-14
300,300326,N,539,217,40.26,Y,2013-14
300,300328,N,558,103,18.46,N,2013-14
300,300330,N,549,353,64.3,N,2013-14
300,300336,N,373,213,57.1,Y,2013-14
300,300337,N,552,167,30.25,N,2013-14
310,310304,N,894,747,83.56,Y,2013-14
310,310308,N,946,579,61.21,Y,2013-14
310,310324,N,542,401,73.99,Y,2013-14
310,310330,N,590,342,57.97,Y,2013-14
310,310336,N,507,445,87.77,Y,2013-14
310,310338,N,161,102,63.35,N,2013-14
310,310340,N,389,292,75.06,Y,2013-14
310,310344,N,876,419,47.83,N,2013-14
310,310352,N,635,443,69.76,N,2013-14
310,310356,N,411,301,73.24,Y,2013-14
310,310360,N,641,459,71.61,Y,2013-14
310,310364,N,507,287,56.61,N,2013-14
310,310384,N,741,679,91.63,Y,2013-14
310,310388,N,766,581,75.85,Y,2013-14
310,310392,N,566,375,66.25,N,2013-14
310,310396,N,214,189,88.32,Y,2013-14
320,320304,N,654,560,85.63,Y,2013-14
320,320306,N,689,487,70.68,N,2013-14
320,320308,N,365,299,81.92,Y,2013-14
320,320309,N,340,201,59.12,N,2013-14
320,320310,N,564,544,96.45,Y,2013-14
320,320312,N,1712,668,39.02,N,2013-14
320,320313,N,553,112,20.25,N,2013-14
320,320314,N,172,152,88.37,Y,2013-14
320,320315,N,620,506,81.61,Y,2013-14
320,320316,N,1239,700,56.5,N,2013-14
320,320317,N,330,185,56.06,N,2013-14
320,320318,N,506,293,57.91,Y,2013-14
320,320319,N,895,398,44.47,Y,2013-14
320,320320,N,676,630,93.2,Y,2013-14
320,320322,N,216,151,69.91,N,2013-14
320,320323,N,1548,593,38.31,N,2013-14
320,320324,N,633,376,59.4,Y,2013-14
320,320325,N,1270,852,67.09,N,2013-14
320,320327,N,652,384,58.9,Y,2013-14
320,320328,N,528,459,86.93,Y,2013-14
320,320329,N,0,0,,N,2013-14
320,320332,N,664,390,58.73,Y,2013-14
320,320336,N,0,0,,N,2013-14
320,320338,N,517,363,70.21,N,2013-14
320,320339,N,464,419,90.3,Y,2013-14
320,320340,N,436,160,36.7,N,2013-14
320,320341,N,118,71,60.17,N,2013-14
320,320342,N,285,138,48.42,N,2013-14
320,320343,N,368,247,67.12,N,2013-14
320,320344,N,285,277,97.19,Y,2013-14
320,320346,N,649,541,83.36,Y,2013-14
320,320347,N,397,194,48.87,Y,2013-14
320,320348,N,388,107,27.58,N,2013-14
320,320352,N,695,590,84.89,Y,2013-14
320,320353,N,106,22,20.75,N,2013-14
320,320354,N,248,88,35.48,N,2013-14
320,320355,N,794,667,84.01,Y,2013-14
320,320356,N,1389,821,59.11,N,2013-14
320,320360,N,543,416,76.61,Y,2013-14
320,320362,N,546,388,71.06,Y,2013-14
320,320363,N,406,281,69.21,Y,2013-14
320,320364,N,820,262,31.95,N,2013-14
320,320365,N,1749,923,52.77,N,2013-14
320,320366,N,1009,690,68.38,N,2013-14
320,320367,N,377,318,84.35,Y,2013-14
320,320368,N,913,662,72.51,N,2013-14
320,320369,N,577,319,55.29,Y,2013-14
320,320370,N,619,275,44.43,N,2013-14
320,320372,N,547,343,62.71,Y,2013-14
320,320374,N,256,244,95.31,Y,2013-14
320,320376,N,543,336,61.88,Y,2013-14
320,320388,N,541,460,85.03,Y,2013-14
320,320389,N,175,142,81.14,N,2013-14
320,320400,N,372,322,86.56,Y,2013-14
320,320700,N,218,135,61.93,N,2013-14
320,320701,N,338,172,50.89,N,2013-14
32A,32A000,Y,475,404,85.05,Y,2013-14
32B,32B000,Y,340,331,97.35,Y,2013-14
32C,32C000,Y,286,273,95.45,Y,2013-14
32D,32D000,Y,0,0,,N,2013-14
32H,32H000,Y,700,373,53.29,Y,2013-14
32K,32K000,Y,297,30,10.1,N,2013-14
32L,32L000,Y,1250,123,9.84,Y,2013-14
32M,32M000,Y,165,140,84.85,Y,2013-14
32N,32N000,Y,250,42,16.8,N,2013-14
32P,32P000,Y,120,80,66.67,N,2013-14
330,330304,N,731,542,74.15,Y,2013-14
330,330308,N,819,646,78.88,Y,2013-14
330,330312,N,405,384,94.81,Y,2013-14
330,330324,N,366,311,84.97,Y,2013-14
330,330326,N,136,49,36.03,N,2013-14
330,330328,N,260,207,79.62,Y,2013-14
330,330330,N,465,409,87.96,Y,2013-14
330,330332,N,200,182,91,Y,2013-14
330,330334,N,337,320,94.96,Y,2013-14
330,330340,N,380,276,72.63,N,2013-14
330,330348,N,390,305,78.21,Y,2013-14
330,330350,N,836,524,62.68,N,2013-14
330,330354,N,542,467,86.16,Y,2013-14
330,330358,N,613,391,63.78,N,2013-14
33A,33A000,Y,900,450,50,Y,2013-14
340,340308,N,483,436,90.27,Y,2013-14
340,340311,N,387,208,53.75,N,2013-14
340,340314,N,517,445,86.07,Y,2013-14
340,340320,N,616,315,51.14,N,2013-14
340,340326,N,923,339,36.73,N,2013-14
340,340330,N,554,479,86.46,Y,2013-14
340,340332,N,0,0,,N,2013-14
340,340334,N,705,251,35.6,N,2013-14
340,340336,N,172,107,62.21,N,2013-14
340,340344,N,66,35,53.03,N,2013-14
340,340348,N,740,153,20.68,N,2013-14
340,340350,N,878,452,51.48,N,2013-14
340,340351,N,246,241,97.97,Y,2013-14
340,340354,N,382,41,10.73,N,2013-14
340,340362,N,230,0,0,N,2013-14
340,340364,N,1845,632,34.25,N,2013-14
340,340366,N,789,564,71.48,Y,2013-14
340,340368,N,526,519,98.67,Y,2013-14
340,340372,N,878,664,75.63,Y,2013-14
340,340376,N,582,574,98.63,Y,2013-14
340,340380,N,770,703,91.3,Y,2013-14
340,340382,N,1619,810,50.03,N,2013-14
340,340384,N,557,508,91.2,Y,2013-14
340,340385,N,144,131,90.97,Y,2013-14
340,340390,N,737,711,96.47,Y,2013-14
340,340392,N,1050,362,34.48,N,2013-14
340,340398,N,54,0,0,N,2013-14
340,340400,N,467,438,93.79,Y,2013-14
340,340403,N,614,175,28.5,N,2013-14
340,340406,N,1247,400,32.08,N,2013-14
340,340416,N,888,643,72.41,Y,2013-14
340,340420,N,802,322,40.15,N,2013-14
340,340424,N,275,270,98.18,Y,2013-14
340,340426,N,845,475,56.21,N,2013-14
340,340427,N,56,41,73.21,Y,2013-14
340,340428,N,707,658,93.07,Y,2013-14
340,340430,N,467,447,95.72,Y,2013-14
340,340432,N,661,152,23,N,2013-14
340,340436,N,131,81,61.83,N,2013-14
340,340440,N,863,187,21.67,N,2013-14
340,340442,N,1088,245,22.52,N,2013-14
340,340446,N,79,0,0,N,2013-14
340,340447,N,322,288,89.44,Y,2013-14
340,340448,N,670,641,95.67,Y,2013-14
340,340452,N,479,454,94.78,Y,2013-14
340,340453,N,644,377,58.54,N,2013-14
340,340454,N,1557,616,39.56,N,2013-14
340,340457,N,712,230,32.3,N,2013-14
340,340460,N,1169,789,67.49,Y,2013-14
340,340462,N,434,430,99.08,Y,2013-14
340,340464,N,928,643,69.29,Y,2013-14
340,340472,N,447,221,49.44,N,2013-14
340,340476,N,625,612,97.92,Y,2013-14
340,340480,N,813,450,55.35,N,2013-14
340,340486,N,1251,966,77.22,Y,2013-14
340,340488,N,256,218,85.16,Y,2013-14
340,340490,N,366,358,97.81,Y,2013-14
340,340492,N,510,489,95.88,Y,2013-14
340,340494,N,625,169,27.04,N,2013-14
340,340495,N,1774,307,17.31,N,2013-14
340,340496,N,1722,817,47.44,N,2013-14
340,340504,N,637,320,50.24,N,2013-14
340,340508,N,862,391,45.36,N,2013-14
340,340512,N,551,81,14.7,N,2013-14
340,340514,N,169,0,0,N,2013-14
340,340516,N,1257,551,43.83,N,2013-14
340,340520,N,537,451,83.99,Y,2013-14
340,340528,N,454,197,43.39,N,2013-14
340,340530,N,385,347,90.13,Y,2013-14
340,340531,N,8,5,62.5,N,2013-14
340,340532,N,832,377,45.31,N,2013-14
340,340536,N,629,131,20.83,N,2013-14
340,340540,N,832,535,64.3,Y,2013-14
340,340542,N,455,246,54.07,N,2013-14
340,340544,N,747,476,63.72,Y,2013-14
340,340548,N,700,465,66.43,Y,2013-14
340,340556,N,2042,499,24.44,N,2013-14
340,340560,N,604,88,14.57,N,2013-14
340,340564,N,491,387,78.82,Y,2013-14
340,340568,N,402,357,88.81,Y,2013-14
340,340703,N,47,34,72.34,Y,2013-14
34B,34B000,Y,498,448,89.96,Y,2013-14
34D,34D000,Y,441,437,99.09,Y,2013-14
34F,34F000,Y,721,506,70.18,Y,2013-14
34G,34G000,Y,451,71,15.74,Y,2013-14
34H,34H000,Y,455,66,14.51,Y,2013-14
350,350304,N,707,490,69.31,Y,2013-14
350,350308,N,865,443,51.21,N,2013-14
350,350310,N,696,430,61.78,N,2013-14
350,350312,N,552,263,47.64,N,2013-14
350,350316,N,479,336,70.15,Y,2013-14
350,350317,N,123,58,47.15,N,2013-14
350,350318,N,479,354,73.9,Y,2013-14
350,350321,N,950,441,46.42,N,2013-14
350,350324,N,323,224,69.35,N,2013-14
350,350330,N,314,255,81.21,Y,2013-14
350,350331,N,588,291,49.49,Y,2013-14
350,350332,N,531,431,81.17,Y,2013-14
350,350336,N,579,338,58.38,N,2013-14
350,350338,N,450,313,69.56,N,2013-14
350,350339,N,602,395,65.61,Y,2013-14
350,350340,N,477,233,48.85,Y,2013-14
35A,35A000,Y,186,40,21.51,Y,2013-14
360,360310,N,1460,674,46.16,N,2013-14
360,360320,N,677,212,31.31,N,2013-14
360,360324,N,763,305,39.97,N,2013-14
360,360332,N,331,250,75.53,Y,2013-14
360,360336,N,597,327,54.77,N,2013-14
360,360337,N,114,46,40.35,N,2013-14
360,360338,N,397,260,65.49,Y,2013-14
360,360339,N,228,123,53.95,N,2013-14
360,360340,N,537,369,68.72,Y,2013-14
360,360344,N,708,530,74.86,Y,2013-14
360,360348,N,357,205,57.42,Y,2013-14
360,360352,N,479,337,70.35,Y,2013-14
360,360360,N,588,228,38.78,N,2013-14
360,360364,N,455,272,59.78,N,2013-14
360,360372,N,110,85,77.27,Y,2013-14
360,360376,N,629,286,45.47,N,2013-14
360,360378,N,200,1,0.5,N,2013-14
360,360380,N,860,257,29.88,N,2013-14
360,360390,N,1520,437,28.75,N,2013-14
360,360392,N,497,439,88.33,Y,2013-14
360,360394,N,186,55,29.57,N,2013-14
360,360396,N,1166,281,24.1,N,2013-14
360,360400,N,635,444,69.92,Y,2013-14
360,360408,N,729,550,75.45,Y,2013-14
360,360416,N,165,60,36.36,N,2013-14
360,360418,N,552,89,16.12,N,2013-14
360,360426,N,762,483,63.39,N,2013-14
360,360428,N,992,585,58.97,N,2013-14
360,360430,N,351,108,30.77,N,2013-14
360,360431,N,490,271,55.31,N,2013-14
360,360432,N,433,246,56.81,N,2013-14
360,360436,N,603,453,75.12,Y,2013-14
360,360438,N,460,406,88.26,Y,2013-14
360,360440,N,546,313,57.33,N,2013-14
360,360448,N,140,88,62.86,Y,2013-14
360,360456,N,765,377,49.28,N,2013-14
360,360460,N,427,344,80.56,Y,2013-14
360,360464,N,513,149,29.04,N,2013-14
360,360468,N,414,266,64.25,Y,2013-14
360,360470,N,1064,462,43.42,N,2013-14
360,360478,N,556,262,47.12,N,2013-14
360,360480,N,293,242,82.59,Y,2013-14
360,360482,N,667,355,53.22,N,2013-14
360,360484,N,428,403,94.16,Y,2013-14
360,360488,N,374,165,44.12,N,2013-14
360,360490,N,630,435,69.05,Y,2013-14
360,360492,N,578,501,86.68,Y,2013-14
360,360494,N,1294,304,23.49,N,2013-14
360,360498,N,831,651,78.34,Y,2013-14
360,360499,N,471,266,56.48,N,2013-14
360,360500,N,534,294,55.06,N,2013-14
360,360504,N,353,243,68.84,Y,2013-14
360,360510,N,626,214,34.19,N,2013-14
360,360514,N,660,394,59.7,N,2013-14
360,360520,N,457,382,83.59,Y,2013-14
360,360526,N,368,333,90.49,Y,2013-14
36B,36B000,Y,1168,220,18.84,Y,2013-14
36C,36C000,Y,815,32,3.93,N,2013-14
370,370304,N,240,147,61.25,Y,2013-14
370,370308,N,527,206,39.09,N,2013-14
370,370312,N,688,263,38.23,N,2013-14
370,370316,N,309,200,64.72,Y,2013-14
370,370324,N,234,141,60.26,Y,2013-14
380,380306,N,683,464,67.94,Y,2013-14
380,380308,N,339,213,62.83,N,2013-14
380,380310,N,205,126,61.46,N,2013-14
390,390309,N,472,279,59.11,N,2013-14
390,390311,N,488,354,72.54,Y,2013-14
390,390312,N,480,391,81.46,Y,2013-14
390,390314,N,59,52,88.14,Y,2013-14
390,390316,N,457,310,67.83,Y,2013-14
390,390320,N,700,296,42.29,N,2013-14
390,390322,N,571,327,57.27,N,2013-14
390,390323,N,188,76,40.43,N,2013-14
390,390324,N,627,389,62.04,N,2013-14
390,390328,N,125,76,60.8,N,2013-14
390,390331,N,439,294,66.97,Y,2013-14
390,390333,N,471,248,52.65,Y,2013-14
390,390334,N,425,289,68,Y,2013-14
390,390336,N,193,139,72.02,Y,2013-14
390,390360,N,346,232,67.05,Y,2013-14
390,390362,N,530,236,44.53,Y,2013-14
390,390364,N,601,466,77.54,Y,2013-14
390,390368,N,301,143,47.51,Y,2013-14
390,390700,N,299,83,27.76,N,2013-14
390,390704,N,434,129,29.72,N,2013-14
390,390705,N,411,147,35.77,N,2013-14
39A,39A000,Y,320,55,17.19,N,2013-14
39B,39B000,Y,80,20,25,N,2013-14
400,400308,N,831,544,65.46,N,2013-14
400,400312,N,761,547,71.88,Y,2013-14
400,400315,N,152,99,65.13,N,2013-14
400,400318,N,505,400,79.21,Y,2013-14
400,400321,N,713,602,84.43,Y,2013-14
400,400332,N,451,348,77.16,Y,2013-14
410,410304,N,842,408,48.46,N,2013-14
410,410307,N,365,310,84.93,Y,2013-14
410,410310,N,427,391,91.57,Y,2013-14
410,410311,N,109,81,74.31,N,2013-14
410,410313,N,796,617,77.51,Y,2013-14
410,410316,N,702,614,87.46,Y,2013-14
410,410319,N,660,535,81.06,Y,2013-14
410,410322,N,437,398,91.08,Y,2013-14
410,410325,N,624,474,75.96,Y,2013-14
410,410326,N,94,69,73.4,N,2013-14
410,410328,N,413,397,96.13,Y,2013-14
410,410331,N,299,270,90.3,Y,2013-14
410,410334,N,577,502,87,Y,2013-14
410,410337,N,403,134,33.25,N,2013-14
410,410340,N,397,232,58.44,Y,2013-14
410,410341,N,245,37,15.1,N,2013-14
410,410343,N,618,181,29.29,N,2013-14
410,410346,N,705,272,38.58,N,2013-14
410,410349,N,388,375,96.65,Y,2013-14
410,410355,N,1130,879,77.79,Y,2013-14
410,410358,N,1003,684,68.2,N,2013-14
410,410361,N,294,133,45.24,N,2013-14
410,410364,N,425,419,98.59,Y,2013-14
410,410366,N,618,592,95.79,Y,2013-14
410,410367,N,881,716,81.27,Y,2013-14
410,410370,N,738,272,36.86,N,2013-14
410,410373,N,379,361,95.25,Y,2013-14
410,410376,N,293,258,88.05,Y,2013-14
410,410379,N,64,38,59.38,N,2013-14
410,410382,N,463,250,54,N,2013-14
410,410385,N,224,215,95.98,Y,2013-14
410,410388,N,501,172,34.33,N,2013-14
410,410390,N,94,15,15.96,N,2013-14
410,410391,N,628,359,57.17,N,2013-14
410,410394,N,1527,519,33.99,N,2013-14
410,410395,N,178,15,8.43,N,2013-14
410,410396,N,97,87,89.69,Y,2013-14
410,410397,N,757,545,71.99,Y,2013-14
410,410398,N,225,216,96,Y,2013-14
410,410399,N,85,53,62.35,N,2013-14
410,410400,N,568,449,79.05,Y,2013-14
410,410401,N,134,64,47.76,N,2013-14
410,410402,N,693,643,92.78,Y,2013-14
410,410403,N,248,242,97.58,Y,2013-14
410,410406,N,1184,745,62.92,N,2013-14
410,410407,N,118,96,81.36,Y,2013-14
410,410408,N,97,47,48.45,N,2013-14
410,410409,N,432,421,97.45,Y,2013-14
410,410412,N,640,470,73.44,Y,2013-14
410,410415,N,449,436,97.1,Y,2013-14
410,410418,N,495,358,72.32,Y,2013-14
410,410421,N,1160,621,53.53,N,2013-14
410,410423,N,685,435,63.5,Y,2013-14
410,410424,N,538,176,32.71,N,2013-14
410,410427,N,335,259,77.31,Y,2013-14
410,410430,N,690,388,56.23,Y,2013-14
410,410436,N,341,254,74.49,Y,2013-14
410,410437,N,969,230,23.74,N,2013-14
410,410439,N,241,226,93.78,Y,2013-14
410,410442,N,880,500,56.82,N,2013-14
410,410448,N,759,317,41.77,N,2013-14
410,410451,N,419,226,53.94,N,2013-14
410,410454,N,213,123,57.75,Y,2013-14
410,410457,N,44,25,56.82,N,2013-14
410,410458,N,60,44,73.33,N,2013-14
410,410460,N,972,705,72.53,Y,2013-14
410,410461,N,428,319,74.53,Y,2013-14
410,410462,N,489,394,80.57,Y,2013-14
410,410463,N,936,454,48.5,N,2013-14
410,410464,N,63,35,55.56,N,2013-14
410,410466,N,482,192,39.83,N,2013-14
410,410469,N,522,496,95.02,Y,2013-14
410,410472,N,542,294,54.24,N,2013-14
410,410478,N,312,267,85.58,Y,2013-14
410,410481,N,297,121,40.74,N,2013-14
410,410483,N,112,69,61.61,N,2013-14
410,410484,N,876,535,61.07,N,2013-14
410,410486,N,670,101,15.07,N,2013-14
410,410487,N,831,587,70.64,Y,2013-14
410,410488,N,947,208,21.96,N,2013-14
410,410489,N,1177,191,16.23,N,2013-14
410,410490,N,1750,222,12.69,N,2013-14
410,410491,N,662,105,15.86,N,2013-14
410,410493,N,997,142,14.24,N,2013-14
410,410496,N,648,559,86.27,Y,2013-14
410,410499,N,426,421,98.83,Y,2013-14
410,410502,N,684,66,9.65,N,2013-14
410,410505,N,462,387,83.77,Y,2013-14
410,410508,N,1666,748,44.9,N,2013-14
410,410511,N,349,343,98.28,Y,2013-14
410,410514,N,303,296,97.69,Y,2013-14
410,410517,N,369,238,64.5,Y,2013-14
410,410522,N,888,443,49.89,N,2013-14
410,410523,N,522,255,48.85,N,2013-14
410,410529,N,1202,556,46.26,N,2013-14
410,410530,N,489,364,74.44,Y,2013-14
410,410532,N,761,734,96.45,Y,2013-14
410,410533,N,39,32,82.05,Y,2013-14
410,410534,N,35,26,74.29,N,2013-14
410,410535,N,403,217,53.85,N,2013-14
410,410538,N,496,478,96.37,Y,2013-14
410,410541,N,589,222,37.69,N,2013-14
410,410544,N,1025,872,85.07,Y,2013-14
410,410545,N,186,130,69.89,N,2013-14
410,410547,N,1280,407,31.8,N,2013-14
410,410550,N,982,411,41.85,N,2013-14
410,410553,N,333,213,63.96,Y,2013-14
410,410556,N,1047,652,62.27,N,2013-14
410,410559,N,712,149,20.93,N,2013-14
410,410562,N,1257,485,38.58,N,2013-14
410,410565,N,1145,482,42.1,N,2013-14
410,410568,N,356,53,14.89,N,2013-14
410,410569,N,48,15,31.25,N,2013-14
410,410571,N,510,102,20,N,2013-14
410,410574,N,670,119,17.76,N,2013-14
410,410577,N,575,488,84.87,Y,2013-14
410,410578,N,470,309,65.74,Y,2013-14
410,410579,N,101,44,43.56,N,2013-14
410,410580,N,449,410,91.31,Y,2013-14
410,410583,N,261,223,85.44,Y,2013-14
410,410586,N,351,288,82.05,Y,2013-14
410,410589,N,275,42,15.27,N,2013-14
410,410592,N,489,432,88.34,Y,2013-14
410,410595,N,1078,471,43.69,N,2013-14
410,410598,N,257,256,99.61,Y,2013-14
41B,41B000,Y,741,59,7.96,N,2013-14
41C,41C000,Y,266,216,81.2,Y,2013-14
41D,41D000,Y,720,30,4.17,N,2013-14
41F,41F000,Y,591,204,34.52,N,2013-14
41G,41G000,Y,647,10,1.55,N,2013-14
41H,41H000,Y,102,68,66.67,Y,2013-14
41J,41J000,Y,589,0,0,N,2013-14
420,420304,N,413,373,90.31,Y,2013-14
420,420316,N,182,170,93.41,Y,2013-14
420,420324,N,352,329,93.47,Y,2013-14
420,420328,N,367,335,91.28,Y,2013-14
420,420336,N,237,216,91.14,Y,2013-14
420,420340,N,409,388,94.87,Y,2013-14
420,420346,N,495,404,81.62,Y,2013-14
420,420348,N,169,159,94.08,Y,2013-14
420,420356,N,150,142,94.67,Y,2013-14
420,420358,N,393,346,88.04,Y,2013-14
420,420376,N,445,388,87.19,Y,2013-14
421,421304,N,744,641,86.16,Y,2013-14
421,421306,N,730,417,57.12,N,2013-14
421,421316,N,872,419,48.05,N,2013-14
421,421328,N,679,369,54.34,Y,2013-14
422,422310,N,133,76,57.14,Y,2013-14
422,422314,N,477,401,84.07,Y,2013-14
422,422315,N,215,153,71.16,N,2013-14
422,422318,N,276,233,84.42,Y,2013-14
430,430304,N,701,445,63.48,Y,2013-14
430,430308,N,420,313,74.52,Y,2013-14
430,430312,N,477,325,68.13,Y,2013-14
430,430316,N,599,433,72.29,Y,2013-14
430,430320,N,315,142,45.08,Y,2013-14
430,430328,N,728,525,72.12,Y,2013-14
430,430330,N,693,454,65.51,N,2013-14
430,430332,N,422,328,77.73,N,2013-14
430,430336,N,280,188,67.14,Y,2013-14
430,430340,N,298,212,71.14,Y,2013-14
430,430344,N,595,496,83.36,Y,2013-14
430,430345,N,87,85,97.7,N,2013-14
430,430346,N,1386,668,48.2,N,2013-14
430,430347,N,1251,716,57.23,N,2013-14
430,430348,N,673,499,74.15,Y,2013-14
430,430349,N,910,374,41.1,Y,2013-14
430,430352,N,759,280,36.89,Y,2013-14
430,430358,N,612,442,72.22,Y,2013-14
430,430368,N,471,367,77.92,Y,2013-14
430,430369,N,886,375,42.33,Y,2013-14
430,430370,N,1216,629,51.73,N,2013-14
430,430371,N,1698,769,45.29,N,2013-14
430,430376,N,567,379,66.84,Y,2013-14
430,430378,N,1314,744,56.62,N,2013-14
430,430380,N,290,225,77.59,Y,2013-14
430,430384,N,1218,645,52.96,N,2013-14
430,430386,N,1129,672,59.52,N,2013-14
440,440314,N,563,323,57.37,Y,2013-14
440,440318,N,260,135,51.92,N,2013-14
440,440320,N,593,367,61.89,N,2013-14
440,440324,N,262,182,69.47,Y,2013-14
440,440326,N,55,41,74.55,N,2013-14
440,440328,N,485,320,65.98,Y,2013-14
440,440332,N,215,112,52.09,Y,2013-14
440,440346,N,118,71,60.17,N,2013-14
440,440348,N,480,286,59.58,Y,2013-14
440,440349,N,341,205,60.12,Y,2013-14
440,440350,N,344,157,45.64,Y,2013-14
440,440364,N,346,216,62.43,Y,2013-14
440,440368,N,420,299,71.19,Y,2013-14
440,440378,N,851,395,46.42,N,2013-14
440,440390,N,786,319,40.59,N,2013-14
440,440396,N,901,482,53.5,N,2013-14
450,450301,N,884,591,66.86,N,2013-14
450,450302,N,387,193,49.87,Y,2013-14
450,450306,N,437,349,79.86,Y,2013-14
450,450307,N,483,334,69.15,Y,2013-14
450,450308,N,518,417,80.5,Y,2013-14
450,450316,N,905,418,46.19,N,2013-14
450,450322,N,536,410,76.49,Y,2013-14
450,450324,N,393,212,53.94,Y,2013-14
450,450328,N,797,532,66.75,N,2013-14
450,450332,N,543,241,44.38,Y,2013-14
450,450333,N,436,142,32.57,N,2013-14
450,450334,N,689,279,40.49,N,2013-14
450,450335,N,563,288,51.15,N,2013-14
450,450336,N,590,417,70.68,Y,2013-14
450,450339,N,542,208,38.38,Y,2013-14
450,450340,N,535,221,41.31,Y,2013-14
450,450341,N,949,554,58.38,N,2013-14
450,450342,N,871,384,44.09,N,2013-14
450,450343,N,83,70,84.34,N,2013-14
450,450344,N,366,306,83.61,Y,2013-14
450,450346,N,491,403,82.08,Y,2013-14
450,450352,N,1021,363,35.55,N,2013-14
450,450354,N,151,88,58.28,N,2013-14
45A,45A000,Y,180,23,12.78,N,2013-14
460,460308,N,547,460,84.1,Y,2013-14
460,460312,N,708,651,91.95,Y,2013-14
460,460318,N,471,377,80.04,Y,2013-14
460,460320,N,731,538,73.6,Y,2013-14
460,460322,N,124,72,58.06,Y,2013-14
460,460332,N,408,380,93.14,Y,2013-14
460,460340,N,22,22,100,Y,2013-14
470,470310,N,686,373,54.37,Y,2013-14
470,470312,N,1423,950,66.76,N,2013-14
470,470316,N,297,250,84.18,Y,2013-14
470,470320,N,751,615,81.89,Y,2013-14
470,470328,N,562,418,74.38,Y,2013-14
470,470330,N,382,358,93.72,Y,2013-14
470,470332,N,639,394,61.66,Y,2013-14
470,470336,N,329,274,83.28,Y,2013-14
470,470340,N,630,246,39.05,Y,2013-14
470,470342,N,89,85,95.51,N,2013-14
470,470346,N,620,459,74.03,Y,2013-14
470,470441,N,521,378,72.55,Y,2013-14
470,470442,N,536,339,63.25,N,2013-14
470,470443,N,182,80,43.96,N,2013-14
480,480306,N,216,191,88.43,Y,2013-14
480,480316,N,148,74,50,N,2013-14
480,480318,N,222,193,86.94,Y,2013-14
490,490308,N,730,107,14.66,N,2013-14
490,490310,N,0,0,,N,2013-14
490,490312,N,579,379,65.46,Y,2013-14
490,490316,N,306,137,44.77,Y,2013-14
490,490318,N,629,170,27.03,N,2013-14
490,490319,N,837,519,62.01,Y,2013-14
490,490320,N,241,85,35.27,N,2013-14
490,490324,N,409,210,51.34,Y,2013-14
490,490326,N,750,587,78.27,Y,2013-14
490,490327,N,538,360,66.91,N,2013-14
490,490332,N,453,330,72.85,Y,2013-14
490,490335,N,1924,180,9.36,N,2013-14
490,490336,N,598,78,13.04,N,2013-14
490,490337,N,663,139,20.97,N,2013-14
490,490338,N,532,166,31.2,N,2013-14
490,490342,N,73,57,78.08,Y,2013-14
490,490344,N,571,31,5.43,N,2013-14
490,490345,N,489,441,90.18,Y,2013-14
490,490346,N,1144,440,38.46,N,2013-14
490,490347,N,418,119,28.47,N,2013-14
490,490348,N,404,275,68.07,Y,2013-14
490,490349,N,651,311,47.77,N,2013-14
490,490350,N,66,65,98.48,N,2013-14
490,490352,N,417,370,88.73,N,2013-14
490,490354,N,1091,672,61.59,N,2013-14
490,490355,N,255,86,33.73,N,2013-14
490,490356,N,293,152,51.88,Y,2013-14
490,490360,N,500,238,47.6,Y,2013-14
490,490362,N,1287,411,31.93,N,2013-14
490,490363,N,531,450,84.75,Y,2013-14
490,490364,N,721,398,55.2,Y,2013-14
490,490366,N,424,239,56.37,N,2013-14
490,490368,N,270,167,61.85,Y,2013-14
490,490380,N,930,441,47.42,N,2013-14
490,490384,N,737,472,64.04,N,2013-14
490,490390,N,889,74,8.32,N,2013-14
491,491303,N,681,262,38.47,Y,2013-14
491,491305,N,0,0,,N,2013-14
491,491306,N,765,294,38.43,Y,2013-14
491,491308,N,925,356,38.49,N,2013-14
491,491312,N,1349,450,33.36,N,2013-14
491,491316,N,677,334,49.34,Y,2013-14
491,491318,N,624,168,26.92,N,2013-14
491,491320,N,573,310,54.1,Y,2013-14
49B,49B000,Y,513,149,29.04,Y,2013-14
49D,49D000,Y,105,95,90.48,Y,2013-14
49E,49,Y,1662,183,11.01,N,2013-14
49F,49F000,Y,672,15,2.23,N,2013-14
500,500302,N,161,87,54.04,N,2013-14
500,500304,N,631,387,61.33,Y,2013-14
500,500314,N,759,420,55.34,N,2013-14
500,500316,N,173,137,79.19,Y,2013-14
500,500323,N,131,48,36.64,N,2013-14
500,500324,N,84,69,82.14,N,2013-14
500,500332,N,489,297,60.74,Y,2013-14
500,500337,N,418,311,74.4,Y,2013-14
500,500340,N,778,300,38.56,N,2013-14
50A,50A000,Y,206,68,33.01,N,2013-14
510,510308,N,609,370,60.76,Y,2013-14
510,510310,N,411,218,53.04,Y,2013-14
510,510324,N,1411,347,24.59,N,2013-14
510,510326,N,930,352,37.85,N,2013-14
510,510327,N,1256,243,19.35,N,2013-14
510,510328,N,855,194,22.69,N,2013-14
510,510329,N,1101,233,21.16,N,2013-14
510,510330,N,571,289,50.61,Y,2013-14
510,510332,N,523,314,60.04,Y,2013-14
510,510333,N,1318,271,20.56,N,2013-14
510,510334,N,520,199,38.27,N,2013-14
510,510336,N,559,120,21.47,N,2013-14
510,510340,N,1036,555,53.57,Y,2013-14
510,510342,N,544,281,51.65,Y,2013-14
510,510344,N,661,318,48.11,N,2013-14
510,510356,N,626,322,51.44,Y,2013-14
510,510357,N,114,19,16.67,N,2013-14
510,510358,N,816,305,37.38,N,2013-14
510,510359,N,872,293,33.6,N,2013-14
510,510360,N,605,295,48.76,Y,2013-14
510,510364,N,966,314,32.51,N,2013-14
510,510367,N,204,57,27.94,N,2013-14
510,510368,N,612,259,42.32,N,2013-14
510,510372,N,566,308,54.42,Y,2013-14
510,510373,N,567,71,12.52,N,2013-14
510,510374,N,788,406,51.52,Y,2013-14
510,510376,N,862,337,39.1,N,2013-14
510,510377,N,817,155,18.97,N,2013-14
510,510378,N,824,137,16.63,N,2013-14
510,510379,N,1109,217,19.57,N,2013-14
510,510380,N,13,5,38.46,N,2013-14
510,510381,N,2,2,100,N,2013-14
510,510388,N,976,852,87.3,Y,2013-14
510,510390,N,377,311,82.49,Y,2013-14
510,510396,N,544,446,81.99,Y,2013-14
510,510397,N,741,477,64.37,Y,2013-14
510,510399,N,1054,564,53.51,Y,2013-14
510,510402,N,1011,441,43.62,N,2013-14
510,510404,N,505,410,81.19,Y,2013-14
510,510406,N,1265,257,20.32,N,2013-14
510,510408,N,540,329,60.93,Y,2013-14
510,510410,N,1032,333,32.27,N,2013-14
510,510412,N,766,272,35.51,N,2013-14
510,510414,N,904,168,18.58,N,2013-14
51A,51A000,Y,750,241,32.13,N,2013-14
520,520304,N,166,140,84.34,Y,2013-14
520,520308,N,155,125,80.65,Y,2013-14
520,520320,N,304,230,75.66,N,2013-14
520,520324,N,187,154,82.35,Y,2013-14
520,520328,N,166,132,79.52,Y,2013-14
520,520336,N,247,200,80.97,Y,2013-14
530,530302,N,687,522,75.98,Y,2013-14
530,530306,N,69,58,84.06,N,2013-14
530,530308,N,616,484,78.57,Y,2013-14
530,530312,N,621,492,79.23,Y,2013-14
530,530314,N,668,427,63.92,N,2013-14
530,530316,N,115,67,58.26,N,2013-14
530,530320,N,652,509,78.07,Y,2013-14
530,530335,N,254,126,49.61,N,2013-14
530,530336,N,1374,722,52.55,N,2013-14
530,530340,N,729,605,82.99,Y,2013-14
530,530341,N,837,600,71.68,N,2013-14
530,530343,N,1077,593,55.06,N,2013-14
530,530346,N,684,280,40.94,Y,2013-14
530,530354,N,698,454,65.04,Y,2013-14
530,530356,N,740,435,58.78,N,2013-14
530,530358,N,119,113,94.96,N,2013-14
540,540304,N,530,327,61.7,Y,2013-14
540,540308,N,808,608,75.25,Y,2013-14
540,540312,N,586,371,63.31,Y,2013-14
540,540315,N,641,512,79.88,Y,2013-14
540,540316,N,590,549,93.05,Y,2013-14
540,540317,N,118,69,58.47,N,2013-14
540,540318,N,56,56,100,Y,2013-14
540,540320,N,482,331,68.67,Y,2013-14
540,540324,N,769,435,56.57,N,2013-14
540,540325,N,525,525,100,Y,2013-14
540,540326,N,472,371,78.6,Y,2013-14
540,540328,N,472,353,74.79,Y,2013-14
540,540330,N,506,501,99.01,Y,2013-14
540,540336,N,656,311,47.41,N,2013-14
540,540338,N,235,235,100,Y,2013-14
540,540340,N,357,260,72.83,Y,2013-14
540,540344,N,676,406,60.06,Y,2013-14
54A,54A000,Y,189,185,97.88,Y,2013-14
54B,54B000,Y,297,272,91.58,N,2013-14
550,550308,N,36,28,77.78,N,2013-14
550,550312,N,283,251,88.69,Y,2013-14
550,550314,N,498,155,31.12,N,2013-14
550,550316,N,292,227,77.74,Y,2013-14
550,550320,N,818,267,32.64,N,2013-14
550,550322,N,678,267,39.38,N,2013-14
550,550324,N,325,249,76.62,Y,2013-14
550,550328,N,505,285,56.44,Y,2013-14
550,550330,N,0,0,,N,2013-14
550,550332,N,841,501,59.57,N,2013-14
550,550334,N,644,475,73.76,N,2013-14
550,550336,N,295,191,64.75,Y,2013-14
550,550340,N,486,292,60.08,Y,2013-14
550,550342,N,429,264,61.54,Y,2013-14
550,550344,N,947,234,24.71,N,2013-14
550,550348,N,254,101,39.76,N,2013-14
550,550349,N,303,118,38.94,N,2013-14
550,550350,N,757,252,33.29,N,2013-14
550,550356,N,663,186,28.05,N,2013-14
550,550360,N,263,180,68.44,Y,2013-14
550,550362,N,540,158,29.26,N,2013-14
550,550364,N,276,136,49.28,Y,2013-14
550,550368,N,913,464,50.82,N,2013-14
550,550372,N,653,402,61.56,Y,2013-14
55A,55A000,Y,1504,41,2.73,N,2013-14
560,560304,N,315,219,69.52,Y,2013-14
560,560316,N,425,328,77.18,Y,2013-14
560,560320,N,792,493,62.25,N,2013-14
560,560324,N,324,164,50.62,Y,2013-14
560,560328,N,313,253,80.83,Y,2013-14
560,560329,N,128,77,60.16,N,2013-14
560,560330,N,575,399,69.39,Y,2013-14
560,560331,N,594,415,69.87,Y,2013-14
560,560332,N,95,87,91.58,Y,2013-14
560,560338,N,468,331,70.73,Y,2013-14
560,560350,N,65,62,95.38,N,2013-14
570,570306,N,456,302,66.23,Y,2013-14
570,570312,N,123,100,81.3,Y,2013-14
570,570316,N,61,53,86.89,Y,2013-14
570,570317,N,174,94,54.02,N,2013-14
570,570318,N,632,372,58.86,N,2013-14
570,570319,N,620,389,62.74,N,2013-14
570,570320,N,502,322,64.14,Y,2013-14
580,580308,N,470,388,82.55,Y,2013-14
580,580312,N,389,295,75.84,Y,2013-14
580,580316,N,337,313,92.88,Y,2013-14
580,580320,N,152,132,86.84,Y,2013-14
580,580324,N,245,141,57.55,Y,2013-14
580,580328,N,108,61,56.48,Y,2013-14
580,580344,N,341,239,70.09,N,2013-14
580,580350,N,281,220,78.29,Y,2013-14
580,580356,N,273,162,59.34,Y,2013-14
580,580368,N,577,301,52.17,N,2013-14
580,580372,N,406,255,62.81,Y,2013-14
58B,58B000,Y,315,30,9.52,N,2013-14
590,590306,N,458,377,82.31,Y,2013-14
590,590310,N,611,406,66.45,N,2013-14
590,590316,N,530,349,65.85,Y,2013-14
590,590320,N,434,309,71.2,Y,2013-14
590,590328,N,211,80,37.91,N,2013-14
590,590330,N,1240,696,56.13,N,2013-14
590,590332,N,509,349,68.57,Y,2013-14
590,590336,N,270,200,74.07,Y,2013-14
590,590340,N,475,340,71.58,Y,2013-14
590,590344,N,413,244,59.08,Y,2013-14
590,590352,N,501,366,73.05,Y,2013-14
590,590356,N,803,497,61.89,N,2013-14
600,600300,N,1190,1103,92.69,Y,2013-14
600,600301,N,1154,1001,86.74,Y,2013-14
600,600302,N,2096,278,13.26,N,2013-14
600,600305,N,883,389,44.05,N,2013-14
600,600308,N,508,495,97.44,Y,2013-14
600,600311,N,558,537,96.24,Y,2013-14
600,600312,N,1816,333,18.34,N,2013-14
600,600313,N,1528,339,22.19,N,2013-14
600,600314,N,960,208,21.67,N,2013-14
600,600316,N,639,383,59.94,N,2013-14
600,600317,N,902,797,88.36,Y,2013-14
600,600318,N,737,632,85.75,Y,2013-14
600,600319,N,603,552,91.54,Y,2013-14
600,600322,N,776,161,20.75,N,2013-14
600,600328,N,675,123,18.22,N,2013-14
600,600329,N,716,686,95.81,Y,2013-14
600,600333,N,1096,483,44.07,N,2013-14
600,600334,N,146,49,33.56,N,2013-14
600,600335,N,580,551,95,Y,2013-14
600,600336,N,300,62,20.67,N,2013-14
600,600338,N,694,411,59.22,N,2013-14
600,600341,N,815,718,88.1,Y,2013-14
600,600344,N,703,382,54.34,N,2013-14
600,600345,N,1583,241,15.22,N,2013-14
600,600346,N,621,199,32.05,N,2013-14
600,600349,N,785,323,41.15,N,2013-14
600,600351,N,775,626,80.77,Y,2013-14
600,600352,N,738,453,61.38,N,2013-14
600,600353,N,915,241,26.34,N,2013-14
600,600357,N,767,96,12.52,N,2013-14
600,600361,N,1734,722,41.64,N,2013-14
600,600362,N,877,587,66.93,N,2013-14
600,600364,N,685,539,78.69,Y,2013-14
600,600365,N,565,541,95.75,Y,2013-14
600,600367,N,534,123,23.03,N,2013-14
600,600368,N,532,418,78.57,Y,2013-14
600,600369,N,707,403,57,N,2013-14
600,600374,N,661,635,96.07,Y,2013-14
600,600377,N,1511,951,62.94,N,2013-14
600,600379,N,465,119,25.59,N,2013-14
600,600381,N,794,737,92.82,Y,2013-14
600,600382,N,969,105,10.84,N,2013-14
600,600383,N,1100,84,7.64,N,2013-14
600,600384,N,542,231,42.62,N,2013-14
600,600385,N,745,238,31.95,N,2013-14
600,600386,N,170,154,90.59,Y,2013-14
600,600392,N,1025,56,5.46,N,2013-14
600,600394,N,1140,379,33.25,N,2013-14
600,600397,N,1132,971,85.78,Y,2013-14
600,600398,N,645,507,78.6,Y,2013-14
600,600399,N,1446,543,37.55,N,2013-14
600,600405,N,1254,1043,83.17,Y,2013-14
600,600406,N,898,111,12.36,N,2013-14
600,600410,N,1162,1037,89.24,Y,2013-14
600,600411,N,1228,282,22.96,N,2013-14
600,600412,N,818,800,97.8,Y,2013-14
600,600413,N,266,96,36.09,N,2013-14
600,600414,N,522,500,95.79,Y,2013-14
600,600415,N,1411,629,44.58,N,2013-14
600,600416,N,584,482,82.53,Y,2013-14
600,600418,N,728,301,41.35,N,2013-14
600,600420,N,791,197,24.91,N,2013-14
600,600422,N,920,801,87.07,Y,2013-14
600,600424,N,829,689,83.11,Y,2013-14
600,600426,N,1824,1013,55.54,N,2013-14
600,600428,N,1094,865,79.07,Y,2013-14
600,600429,N,1081,605,55.97,N,2013-14
600,600431,N,1070,159,14.86,N,2013-14
600,600432,N,874,732,83.75,Y,2013-14
600,600433,N,1112,222,19.96,N,2013-14
600,600434,N,681,483,70.93,N,2013-14
600,600436,N,678,404,59.59,N,2013-14
600,600437,N,843,128,15.18,N,2013-14
600,600438,N,641,330,51.48,N,2013-14
600,600439,N,221,197,89.14,Y,2013-14
600,600440,N,836,659,78.83,Y,2013-14
600,600442,N,1092,527,48.26,N,2013-14
600,600444,N,577,311,53.9,N,2013-14
600,600445,N,1933,883,45.68,N,2013-14
600,600446,N,843,383,45.43,N,2013-14
600,600447,N,1019,310,30.42,N,2013-14
600,600448,N,947,880,92.93,Y,2013-14
600,600449,N,510,130,25.49,N,2013-14
600,600450,N,701,597,85.16,Y,2013-14
600,600451,N,516,74,14.34,N,2013-14
600,600453,N,760,725,95.39,Y,2013-14
600,600454,N,169,121,71.6,N,2013-14
600,600455,N,1236,548,44.34,N,2013-14
600,600457,N,1425,944,66.25,N,2013-14
600,600459,N,609,576,94.58,Y,2013-14
600,600461,N,86,77,89.53,Y,2013-14
600,600462,N,674,360,53.41,N,2013-14
600,600463,N,623,442,70.95,N,2013-14
600,600464,N,726,225,30.99,N,2013-14
600,600466,N,2284,725,31.74,N,2013-14
600,600468,N,946,758,80.13,Y,2013-14
600,600471,N,634,597,94.16,Y,2013-14
600,600474,N,751,687,91.48,Y,2013-14
600,600478,N,722,608,84.21,Y,2013-14
600,600479,N,828,558,67.39,N,2013-14
600,600480,N,1372,796,58.02,N,2013-14
600,600481,N,803,652,81.2,Y,2013-14
600,600482,N,873,394,45.13,N,2013-14
600,600485,N,673,550,81.72,Y,2013-14
600,600488,N,524,395,75.38,Y,2013-14
600,600489,N,790,752,95.19,Y,2013-14
600,600491,N,724,132,18.23,N,2013-14
600,600492,N,468,52,11.11,N,2013-14
600,600494,N,540,443,82.04,Y,2013-14
600,600496,N,1392,971,69.76,N,2013-14
600,600497,N,938,409,43.6,N,2013-14
600,600498,N,104,41,39.42,N,2013-14
600,600500,N,764,478,62.57,N,2013-14
600,600501,N,558,480,86.02,Y,2013-14
600,600503,N,864,719,83.22,Y,2013-14
600,600507,N,892,44,4.93,N,2013-14
600,600508,N,1705,203,11.91,N,2013-14
600,600509,N,933,656,70.31,N,2013-14
600,600512,N,677,556,82.13,Y,2013-14
600,600513,N,1177,519,44.1,N,2013-14
600,600514,N,1119,942,84.18,Y,2013-14
600,600516,N,785,543,69.17,N,2013-14
600,600517,N,784,750,95.66,Y,2013-14
600,600518,N,1448,750,51.8,N,2013-14
600,600519,N,476,440,92.44,Y,2013-14
600,600520,N,610,525,86.07,Y,2013-14
600,600521,N,864,605,70.02,N,2013-14
600,600522,N,873,188,21.53,N,2013-14
600,600527,N,483,397,82.19,Y,2013-14
600,600530,N,803,148,18.43,N,2013-14
600,600532,N,1261,408,32.36,N,2013-14
600,600534,N,683,312,45.68,N,2013-14
600,600535,N,2191,1003,45.78,N,2013-14
600,600537,N,921,205,22.26,N,2013-14
600,600538,N,1419,817,57.58,N,2013-14
600,600546,N,598,514,85.95,Y,2013-14
600,600549,N,728,515,70.74,N,2013-14
600,600550,N,634,592,93.38,Y,2013-14
600,600553,N,768,737,95.96,Y,2013-14
600,600557,N,602,73,12.13,N,2013-14
600,600558,N,621,63,10.14,N,2013-14
600,600562,N,777,657,84.56,Y,2013-14
600,600565,N,376,300,79.79,Y,2013-14
600,600566,N,825,615,74.55,Y,2013-14
600,600571,N,548,142,25.91,N,2013-14
600,600574,N,572,542,94.76,Y,2013-14
600,600576,N,1393,1190,85.43,Y,2013-14
600,600577,N,566,539,95.23,Y,2013-14
600,600579,N,1523,1163,76.36,Y,2013-14
600,600586,N,824,710,86.17,Y,2013-14
600,600587,N,935,843,90.16,Y,2013-14
600,600588,N,955,393,41.15,N,2013-14
600,600589,N,713,676,94.81,Y,2013-14
600,600590,N,764,309,40.45,N,2013-14
600,600592,N,1383,1067,77.15,Y,2013-14
600,600693,N,406,199,49.01,N,2013-14
600,600694,N,450,180,40,N,2013-14
600,600695,N,331,223,67.37,N,2013-14
600,600696,N,342,209,61.11,N,2013-14
600,600697,N,380,200,52.63,N,2013-14
60A,60A000,Y,142,84,59.15,Y,2013-14
60B,60B000,Y,878,757,86.22,Y,2013-14
60C,60C000,Y,352,320,90.91,Y,2013-14
60D,60D000,Y,1587,6,0.38,N,2013-14
60F,60F000,Y,370,0,0,N,2013-14
60G,60G000,Y,754,129,17.11,Y,2013-14
60H,60H000,Y,237,214,90.3,Y,2013-14
60I,60I000,Y,1181,46,3.9,N,2013-14
60J,60J000,Y,690,124,17.97,N,2013-14
60K,60K000,Y,330,160,48.48,N,2013-14
60L,60L000,Y,347,268,77.23,Y,2013-14
60M,60M000,Y,440,88,20,N,2013-14
60N,60N000,Y,125,90,72,Y,2013-14
60P,60P000,Y,216,157,72.69,N,2013-14
60Q,60Q000,Y,70,0,0,N,2013-14
60R,60R000,Y,351,312,88.89,N,2013-14
610,610302,N,266,149,56.02,Y,2013-14
610,610310,N,269,165,61.34,Y,2013-14
610,610320,N,270,173,64.07,Y,2013-14
610,610322,N,269,180,66.91,Y,2013-14
610,610326,N,277,176,63.54,Y,2013-14
610,610332,N,74,61,82.43,N,2013-14
610,610334,N,523,255,48.76,N,2013-14
620,620310,N,63,55,87.3,N,2013-14
620,620312,N,361,329,91.14,Y,2013-14
620,620314,N,545,454,83.3,N,2013-14
620,620316,N,598,433,72.41,N,2013-14
620,620318,N,507,435,85.8,Y,2013-14
620,620324,N,370,295,79.73,Y,2013-14
620,620330,N,280,189,67.5,Y,2013-14
620,620334,N,251,190,75.7,Y,2013-14
620,620336,N,301,200,66.45,Y,2013-14
620,620339,N,524,356,67.94,N,2013-14
620,620340,N,542,316,58.3,N,2013-14
630,630304,N,326,276,84.66,Y,2013-14
630,630308,N,312,244,78.21,Y,2013-14
630,630312,N,240,154,64.17,Y,2013-14
630,630316,N,398,233,58.54,Y,2013-14
630,630317,N,403,197,48.88,N,2013-14
630,630320,N,225,187,83.11,Y,2013-14
630,630324,N,581,144,24.78,N,2013-14
630,630328,N,323,149,46.13,Y,2013-14
630,630330,N,47,39,82.98,N,2013-14
630,630331,N,550,206,37.45,N,2013-14
630,630332,N,602,324,53.82,N,2013-14
630,630336,N,2006,693,34.55,N,2013-14
630,630342,N,523,95,18.16,N,2013-14
630,630348,N,452,403,89.16,Y,2013-14
630,630350,N,741,454,61.27,N,2013-14
630,630352,N,456,240,52.63,Y,2013-14
630,630356,N,424,207,48.82,Y,2013-14
630,630360,N,1180,390,33.05,N,2013-14
630,630364,N,616,364,59.09,Y,2013-14
630,630368,N,398,157,39.45,Y,2013-14
630,630373,N,576,207,35.94,Y,2013-14
630,630374,N,848,224,26.42,N,2013-14
630,630376,N,385,211,54.81,Y,2013-14
63A,63A000,Y,210,112,53.33,Y,2013-14
63B,63B000,Y,298,94,31.54,Y,2013-14
640,640302,N,357,335,93.84,Y,2013-14
640,640304,N,632,492,77.85,Y,2013-14
640,640306,N,340,332,97.65,Y,2013-14
640,640308,N,744,571,76.75,Y,2013-14
640,640316,N,216,187,86.57,Y,2013-14
640,640320,N,622,350,56.27,N,2013-14
640,640324,N,647,342,52.86,Y,2013-14
640,640326,N,232,221,95.26,Y,2013-14
640,640328,N,504,322,63.89,Y,2013-14
640,640329,N,545,385,70.64,Y,2013-14
640,640332,N,457,359,78.56,Y,2013-14
640,640334,N,345,323,93.62,Y,2013-14
640,640335,N,453,404,89.18,Y,2013-14
640,640336,N,384,303,78.91,Y,2013-14
640,640340,N,97,77,79.38,Y,2013-14
640,640346,N,1020,538,52.75,N,2013-14
640,640347,N,206,84,40.78,N,2013-14
640,640348,N,767,440,57.37,Y,2013-14
640,640350,N,950,479,50.42,N,2013-14
640,640354,N,279,275,98.57,Y,2013-14
640,640358,N,895,531,59.33,N,2013-14
640,640360,N,308,148,48.05,Y,2013-14
640,640361,N,1026,628,61.21,N,2013-14
640,640362,N,888,612,68.92,N,2013-14
640,640364,N,1081,566,52.36,N,2013-14
640,640376,N,538,393,73.05,Y,2013-14
640,640384,N,301,158,52.49,Y,2013-14
640,640396,N,418,405,96.89,Y,2013-14
640,640400,N,559,370,66.19,Y,2013-14
64A,64A000,Y,1102,768,69.69,Y,2013-14
650,650304,N,444,260,58.56,Y,2013-14
650,650308,N,471,172,36.52,Y,2013-14
650,650309,N,543,351,64.64,Y,2013-14
650,650310,N,865,396,45.78,Y,2013-14
650,650312,N,342,326,95.32,Y,2013-14
650,650316,N,557,445,79.89,Y,2013-14
650,650323,N,678,273,40.27,Y,2013-14
650,650324,N,275,196,71.27,Y,2013-14
650,650325,N,805,422,52.42,Y,2013-14
650,650326,N,1952,773,39.6,N,2013-14
650,650327,N,1709,770,45.06,N,2013-14
650,650328,N,466,320,68.67,Y,2013-14
650,650332,N,368,292,79.35,Y,2013-14
650,650338,N,667,270,40.48,Y,2013-14
650,650339,N,511,146,28.57,N,2013-14
650,650340,N,234,90,38.46,N,2013-14
650,650341,N,586,291,49.66,Y,2013-14
650,650342,N,1606,449,27.96,N,2013-14
650,650343,N,732,410,56.01,Y,2013-14
650,650345,N,50,50,100,N,2013-14
650,650346,N,470,436,92.77,Y,2013-14
650,650348,N,681,314,46.11,Y,2013-14
650,650350,N,765,248,32.42,N,2013-14
650,650351,N,765,359,46.93,Y,2013-14
650,650352,N,1573,871,55.37,N,2013-14
650,650353,N,566,77,13.6,N,2013-14
650,650354,N,71,66,92.96,N,2013-14
650,650355,N,78,68,87.18,N,2013-14
650,650356,N,690,117,16.96,N,2013-14
650,650362,N,548,279,50.91,Y,2013-14
650,650364,N,858,268,31.24,N,2013-14
650,650366,N,538,127,23.61,N,2013-14
650,650368,N,417,380,91.13,Y,2013-14
650,650380,N,577,86,14.9,N,2013-14
650,650384,N,524,509,97.14,Y,2013-14
650,650392,N,801,663,82.77,Y,2013-14
650,650394,N,191,89,46.6,N,2013-14
650,650400,N,358,268,74.86,Y,2013-14
650,650404,N,529,439,82.99,Y,2013-14
650,650408,N,348,35,10.06,N,2013-14
650,650409,N,115,111,96.52,Y,2013-14
65A,65A000,Y,371,47,12.67,N,2013-14
65B,65B000,Y,140,93,66.43,Y,2013-14
65C,65C000,Y,150,120,80,N,2013-14
65D,65D000,Y,144,10,6.94,N,2013-14
660,660306,N,290,268,92.41,Y,2013-14
660,660308,N,393,326,82.95,Y,2013-14
660,660320,N,275,253,92,Y,2013-14
660,660325,N,222,203,91.44,Y,2013-14
660,660334,N,25,23,92,Y,2013-14
660,660336,N,468,396,84.62,Y,2013-14
660,660356,N,77,69,89.61,Y,2013-14
660,660360,N,289,248,85.81,Y,2013-14
66A,66A000,Y,770,545,70.78,Y,2013-14
670,670304,N,534,350,65.54,Y,2013-14
670,670308,N,432,257,59.49,Y,2013-14
670,670310,N,899,300,33.37,N,2013-14
670,670312,N,478,318,66.53,Y,2013-14
670,670314,N,859,342,39.81,Y,2013-14
670,670318,N,630,269,42.7,N,2013-14
670,670320,N,757,245,32.36,N,2013-14
670,670321,N,509,324,63.65,Y,2013-14
670,670322,N,763,327,42.86,N,2013-14
670,670323,N,648,368,56.79,Y,2013-14
670,670324,N,1077,345,32.03,N,2013-14
670,670325,N,845,415,49.11,N,2013-14
670,670329,N,805,395,49.07,Y,2013-14
670,670330,N,554,239,43.14,Y,2013-14
670,670331,N,522,183,35.06,N,2013-14
670,670332,N,337,247,73.29,Y,2013-14
670,670333,N,873,351,40.21,N,2013-14
670,670335,N,624,302,48.4,Y,2013-14
670,670336,N,603,268,44.44,N,2013-14
670,670337,N,855,328,38.36,Y,2013-14
670,670338,N,585,216,36.92,Y,2013-14
670,670339,N,695,281,40.43,Y,2013-14
670,670340,N,1060,345,32.55,N,2013-14
670,670341,N,497,244,49.09,Y,2013-14
670,670342,N,446,212,47.53,Y,2013-14
670,670343,N,841,409,48.63,Y,2013-14
670,670344,N,662,285,43.05,N,2013-14
670,670345,N,517,262,50.68,N,2013-14
670,670346,N,586,336,57.34,Y,2013-14
670,670347,N,745,250,33.56,N,2013-14
670,670350,N,520,195,37.5,Y,2013-14
670,670351,N,799,339,42.43,N,2013-14
670,670352,N,1001,331,33.07,N,2013-14
670,670356,N,934,353,37.79,N,2013-14
670,670364,N,1044,296,28.35,N,2013-14
67B,67B000,Y,250,125,50,N,2013-14
680,680304,N,615,278,45.2,N,2013-14
680,680308,N,679,237,34.9,N,2013-14
680,680310,N,1054,298,28.27,N,2013-14
680,680312,N,324,211,65.12,Y,2013-14
680,680316,N,614,214,34.85,N,2013-14
680,680324,N,468,270,57.69,Y,2013-14
680,680327,N,467,188,40.26,N,2013-14
680,680328,N,469,206,43.92,N,2013-14
680,680329,N,444,62,13.96,N,2013-14
680,680330,N,641,376,58.66,Y,2013-14
680,680332,N,1205,422,35.02,N,2013-14
680,680335,N,23,15,65.22,Y,2013-14
680,680336,N,471,185,39.28,N,2013-14
681,681300,N,437,145,33.18,Y,2013-14
681,681304,N,373,125,33.51,Y,2013-14
681,681305,N,898,201,22.38,N,2013-14
681,681308,N,1454,325,22.35,N,2013-14
681,681309,N,723,192,26.56,N,2013-14
681,681310,N,452,109,24.12,N,2013-14
681,681311,N,382,103,26.96,Y,2013-14
681,681312,N,408,111,27.21,Y,2013-14
681,681314,N,1420,296,20.85,N,2013-14
681,681316,N,314,142,45.22,Y,2013-14
681,681320,N,392,98,25,N,2013-14
681,681322,N,699,181,25.89,N,2013-14
681,681324,N,638,174,27.27,N,2013-14
681,681326,N,443,111,25.06,N,2013-14
681,681328,N,4,1,25,N,2013-14
681,681330,N,498,156,31.33,Y,2013-14
681,681332,N,479,110,22.96,N,2013-14
681,681334,N,485,152,31.34,Y,2013-14
681,681336,N,744,198,26.61,N,2013-14
681,681338,N,21,19,90.48,N,2013-14
68A,68A000,Y,225,20,8.89,N,2013-14
68N,68N000,Y,,,,N,2013-14
690,690312,N,263,189,71.86,Y,2013-14
690,690316,N,279,172,61.65,N,2013-14
690,690320,N,480,244,50.83,N,2013-14
690,690324,N,314,211,67.2,Y,2013-14
69A,69A000,Y,387,231,59.69,Y,2013-14
700,700306,N,353,225,63.74,Y,2013-14
700,700308,N,667,438,65.67,N,2013-14
700,700310,N,87,64,73.56,N,2013-14
700,700314,N,553,314,56.78,Y,2013-14
700,700316,N,422,292,69.19,Y,2013-14
700,700317,N,795,393,49.43,N,2013-14
700,700318,N,335,250,74.63,Y,2013-14
700,700319,N,717,431,60.11,N,2013-14
700,700320,N,352,303,86.08,Y,2013-14
700,700322,N,658,389,59.12,N,2013-14
700,700324,N,586,469,80.03,Y,2013-14
700,700328,N,349,153,43.84,Y,2013-14
710,710312,N,492,415,84.35,Y,2013-14
710,710316,N,236,184,77.97,Y,2013-14
710,710318,N,477,369,77.36,Y,2013-14
710,710320,N,522,369,70.69,Y,2013-14
710,710321,N,667,424,63.57,N,2013-14
710,710323,N,576,270,46.88,Y,2013-14
710,710324,N,487,420,86.24,Y,2013-14
710,710326,N,628,447,71.18,N,2013-14
710,710327,N,233,104,44.64,N,2013-14
710,710328,N,572,398,69.58,Y,2013-14
710,710332,N,574,470,81.88,Y,2013-14
710,710342,N,1137,335,29.46,N,2013-14
710,710344,N,545,180,33.03,N,2013-14
710,710346,N,925,310,33.51,N,2013-14
710,710347,N,515,147,28.54,N,2013-14
710,710348,N,223,187,83.86,Y,2013-14
720,720304,N,497,329,66.2,Y,2013-14
720,720312,N,405,264,65.19,Y,2013-14
720,720316,N,490,262,53.47,N,2013-14
720,720320,N,431,282,65.43,N,2013-14
730,730332,N,643,296,46.03,N,2013-14
730,730334,N,287,265,92.33,Y,2013-14
730,730340,N,202,151,74.75,Y,2013-14
730,730344,N,476,343,72.06,N,2013-14
730,730348,N,262,109,41.6,N,2013-14
730,730352,N,1358,736,54.2,N,2013-14
730,730354,N,431,294,68.21,Y,2013-14
730,730356,N,346,302,87.28,Y,2013-14
730,730360,N,590,355,60.17,N,2013-14
730,730368,N,198,104,52.53,N,2013-14
73A,73A000,Y,374,124,33.16,Y,2013-14
73B,73B000,Y,632,33,5.22,N,2013-14
740,740302,N,795,352,44.28,N,2013-14
740,740304,N,693,468,67.53,Y,2013-14
740,740308,N,337,226,67.06,N,2013-14
740,740309,N,645,397,61.55,N,2013-14
740,740310,N,501,468,93.41,Y,2013-14
740,740320,N,338,214,63.31,Y,2013-14
740,740324,N,609,448,73.56,N,2013-14
740,740330,N,634,321,50.63,Y,2013-14
740,740332,N,965,361,37.41,Y,2013-14
740,740333,N,1477,457,30.94,N,2013-14
740,740334,N,444,348,78.38,Y,2013-14
740,740336,N,673,459,68.2,Y,2013-14
740,740337,N,750,479,63.87,N,2013-14
740,740338,N,353,236,66.86,Y,2013-14
740,740340,N,660,438,66.36,N,2013-14
740,740344,N,788,456,57.87,N,2013-14
740,740352,N,518,388,74.9,Y,2013-14
740,740358,N,523,297,56.79,Y,2013-14
740,740360,N,453,319,70.42,Y,2013-14
740,740362,N,773,257,33.25,N,2013-14
740,740366,N,1461,723,49.49,N,2013-14
740,740368,N,735,603,82.04,Y,2013-14
740,740374,N,852,563,66.08,N,2013-14
740,740375,N,351,325,92.59,Y,2013-14
740,740376,N,632,560,88.61,Y,2013-14
740,740378,N,0,0,,N,2013-14
740,740379,N,658,305,46.35,Y,2013-14
740,740380,N,563,297,52.75,Y,2013-14
740,740386,N,397,258,64.99,Y,2013-14
740,740388,N,1543,711,46.08,N,2013-14
740,740390,N,487,420,86.24,Y,2013-14
740,740396,N,292,160,54.79,Y,2013-14
740,740400,N,439,322,73.35,Y,2013-14
740,740402,N,451,384,85.14,Y,2013-14
740,740404,N,681,248,36.42,Y,2013-14
740,740406,N,693,273,39.39,Y,2013-14
750,750304,N,395,245,62.03,Y,2013-14
750,750314,N,350,259,74,Y,2013-14
750,750317,N,50,23,46,N,2013-14
750,750318,N,664,290,43.67,N,2013-14
750,750319,N,525,300,57.14,N,2013-14
750,750320,N,144,79,54.86,Y,2013-14
750,750328,N,158,120,75.95,Y,2013-14
760,760304,N,372,216,58.06,Y,2013-14
760,760308,N,435,205,47.13,N,2013-14
760,760316,N,373,232,62.2,Y,2013-14
760,760318,N,757,450,59.45,N,2013-14
760,760320,N,399,173,43.36,N,2013-14
760,760324,N,483,317,65.63,Y,2013-14
760,760328,N,470,279,59.36,Y,2013-14
760,760329,N,667,302,45.28,N,2013-14
760,760330,N,507,213,42.01,N,2013-14
760,760331,N,514,278,54.09,Y,2013-14
760,760332,N,491,328,66.8,Y,2013-14
760,760336,N,436,250,57.34,Y,2013-14
760,760338,N,683,365,53.44,N,2013-14
760,760339,N,822,351,42.7,N,2013-14
760,760340,N,414,356,85.99,Y,2013-14
760,760344,N,816,612,75,Y,2013-14
760,760348,N,906,493,54.42,N,2013-14
760,760352,N,772,477,61.79,N,2013-14
760,760354,N,283,99,34.98,N,2013-14
760,760356,N,519,319,61.46,Y,2013-14
760,760357,N,737,496,67.3,N,2013-14
760,760358,N,1174,591,50.34,N,2013-14
760,760359,N,605,415,68.6,Y,2013-14
760,760360,N,632,356,56.33,N,2013-14
760,760364,N,399,254,63.66,Y,2013-14
760,760368,N,303,136,44.88,N,2013-14
760,760376,N,476,286,60.08,Y,2013-14
760,760378,N,875,408,46.63,N,2013-14
760,760380,N,659,277,42.03,N,2013-14
760,760382,N,422,198,46.92,N,2013-14
760,760388,N,807,291,36.06,N,2013-14
761,761304,N,1230,727,59.11,N,2013-14
761,761308,N,617,394,63.86,N,2013-14
761,761312,N,578,518,89.62,Y,2013-14
761,761320,N,433,379,87.53,Y,2013-14
761,761321,N,371,304,81.94,Y,2013-14
761,761328,N,490,306,62.45,Y,2013-14
761,761332,N,445,322,72.36,Y,2013-14
761,761336,N,533,462,86.68,N,2013-14
76N,76N000,Y,180,14,7.78,N,2013-14
770,770310,N,596,527,88.42,Y,2013-14
770,770312,N,75,66,88,N,2013-14
770,770316,N,210,187,89.05,Y,2013-14
770,770318,N,649,517,79.66,Y,2013-14
770,770328,N,558,428,76.7,Y,2013-14
770,770340,N,546,364,66.67,Y,2013-14
770,770342,N,101,93,92.08,N,2013-14
770,770344,N,444,386,86.94,Y,2013-14
770,770346,N,363,336,92.56,Y,2013-14
770,770348,N,1084,671,61.9,N,2013-14
770,770349,N,139,82,58.99,N,2013-14
770,770351,N,547,380,69.47,N,2013-14
770,770360,N,691,448,64.83,N,2013-14
770,770364,N,307,247,80.46,Y,2013-14
770,770368,N,358,302,84.36,Y,2013-14
770,770370,N,535,403,75.33,Y,2013-14
780,780320,N,480,414,86.25,Y,2013-14
780,780322,N,651,553,84.95,Y,2013-14
780,780324,N,306,267,87.25,Y,2013-14
780,780325,N,673,534,79.35,N,2013-14
780,780326,N,410,390,95.12,Y,2013-14
780,780328,N,253,245,96.84,Y,2013-14
780,780329,N,253,241,95.26,Y,2013-14
780,780330,N,593,455,76.73,Y,2013-14
780,780331,N,0,0,,N,2013-14
780,780336,N,800,630,78.75,Y,2013-14
780,780340,N,435,379,87.13,Y,2013-14
780,780341,N,557,442,79.35,Y,2013-14
780,780342,N,2082,1427,68.54,N,2013-14
780,780344,N,834,755,90.53,Y,2013-14
780,780352,N,375,310,82.67,Y,2013-14
780,780356,N,365,328,89.86,Y,2013-14
780,780360,N,649,540,83.2,Y,2013-14
780,780364,N,743,623,83.85,Y,2013-14
780,780368,N,809,656,81.09,Y,2013-14
780,780374,N,651,609,93.55,Y,2013-14
780,780376,N,742,658,88.68,Y,2013-14
780,780384,N,982,734,74.75,Y,2013-14
780,780385,N,221,131,59.28,N,2013-14
780,780390,N,367,335,91.28,Y,2013-14
780,780391,N,755,659,87.28,N,2013-14
780,780392,N,453,432,95.36,Y,2013-14
780,780393,N,583,534,91.6,Y,2013-14
780,780394,N,478,420,87.87,Y,2013-14
780,780396,N,162,152,93.83,Y,2013-14
780,780398,N,615,544,88.46,Y,2013-14
780,780400,N,946,872,92.18,Y,2013-14
780,780401,N,916,715,78.06,N,2013-14
780,780402,N,479,413,86.22,N,2013-14
780,780403,N,463,398,85.96,Y,2013-14
780,780407,N,556,211,37.95,N,2013-14
780,780408,N,327,314,96.02,Y,2013-14
780,780410,N,241,223,92.53,Y,2013-14
780,780412,N,569,455,79.96,Y,2013-14
780,780416,N,401,341,85.04,Y,2013-14
780,780417,N,291,271,93.13,Y,2013-14
780,780418,N,133,125,93.98,Y,2013-14
780,780420,N,1711,1272,74.34,N,2013-14
78A,78A000,Y,104,75,72.12,Y,2013-14
78B,78B000,Y,,,,N,2013-14
790,790302,N,442,174,39.37,N,2013-14
790,790310,N,487,285,58.52,Y,2013-14
790,790314,N,933,486,52.09,N,2013-14
790,790318,N,390,260,66.67,Y,2013-14
790,790322,N,240,198,82.5,Y,2013-14
790,790327,N,497,295,59.36,Y,2013-14
790,790330,N,798,532,66.67,N,2013-14
790,790334,N,320,238,74.38,Y,2013-14
790,790338,N,0,0,,N,2013-14
790,790344,N,465,372,80,Y,2013-14
790,790347,N,339,214,63.13,Y,2013-14
790,790350,N,481,267,55.51,Y,2013-14
790,790354,N,894,484,54.14,N,2013-14
790,790358,N,508,474,93.31,Y,2013-14
790,790362,N,293,110,37.54,N,2013-14
790,790366,N,758,468,61.74,N,2013-14
790,790374,N,662,491,74.17,N,2013-14
790,790378,N,1035,332,32.08,N,2013-14
790,790379,N,292,113,38.7,N,2013-14
790,790380,N,828,355,42.87,N,2013-14
790,790386,N,269,188,69.89,Y,2013-14
790,790390,N,410,291,70.98,Y,2013-14
790,790392,N,79,65,82.28,N,2013-14
790,790394,N,722,374,51.8,N,2013-14
790,790398,N,492,206,41.87,N,2013-14
790,790402,N,486,358,73.66,Y,2013-14
79A,79A000,Y,261,49,18.77,N,2013-14
800,800308,N,77,74,96.1,Y,2013-14
800,800312,N,322,140,43.48,Y,2013-14
800,800314,N,908,463,50.99,N,2013-14
800,800315,N,398,300,75.38,Y,2013-14
800,800316,N,543,398,73.3,Y,2013-14
800,800320,N,604,306,50.66,N,2013-14
800,800324,N,291,175,60.14,Y,2013-14
800,800328,N,506,309,61.07,N,2013-14
800,800340,N,1003,455,45.36,N,2013-14
800,800346,N,568,505,88.91,Y,2013-14
800,800347,N,466,284,60.94,Y,2013-14
800,800348,N,423,256,60.52,Y,2013-14
800,800352,N,421,218,51.78,Y,2013-14
800,800356,N,469,309,65.88,Y,2013-14
800,800358,N,419,360,85.92,Y,2013-14
800,800359,N,448,407,90.85,Y,2013-14
800,800360,N,580,399,68.79,Y,2013-14
800,800361,N,1115,527,47.26,N,2013-14
800,800362,N,694,548,78.96,Y,2013-14
800,800363,N,564,471,83.51,Y,2013-14
800,800364,N,558,432,77.42,Y,2013-14
800,800366,N,560,300,53.57,Y,2013-14
800,800368,N,373,241,64.61,Y,2013-14
800,800372,N,316,196,62.03,Y,2013-14
800,800373,N,471,406,86.2,Y,2013-14
800,800376,N,674,473,70.18,N,2013-14
800,800377,N,485,389,80.21,Y,2013-14
800,800392,N,509,291,57.17,Y,2013-14
800,800394,N,226,134,59.29,N,2013-14
800,800396,N,820,544,66.34,N,2013-14
800,800398,N,712,425,59.69,N,2013-14
800,800400,N,938,468,49.89,N,2013-14
800,800408,N,1041,523,50.24,N,2013-14
800,800410,N,719,440,61.2,N,2013-14
800,800412,N,411,295,71.78,Y,2013-14
810,810324,N,771,429,55.64,N,2013-14
810,810326,N,716,467,65.22,N,2013-14
810,810328,N,385,303,78.7,Y,2013-14
810,810336,N,470,443,94.26,Y,2013-14
810,810340,N,759,480,63.24,N,2013-14
810,810342,N,628,430,68.47,N,2013-14
810,810344,N,593,371,62.56,Y,2013-14
810,810350,N,409,321,78.48,Y,2013-14
810,810360,N,463,315,68.03,Y,2013-14
810,810364,N,278,190,68.35,Y,2013-14
810,810370,N,313,217,69.33,Y,2013-14
810,810378,N,722,464,64.27,N,2013-14
810,810384,N,900,493,54.78,N,2013-14
810,810385,N,155,74,47.74,N,2013-14
810,810386,N,128,121,94.53,N,2013-14
810,810388,N,345,202,58.55,Y,2013-14
810,810396,N,400,328,82,Y,2013-14
810,810400,N,228,157,68.86,Y,2013-14
81A,81A000,Y,1310,175,13.36,N,2013-14
81B,81B000,Y,273,89,32.6,N,2013-14
820,820312,N,375,314,83.73,Y,2013-14
820,820320,N,415,271,65.3,Y,2013-14
820,820324,N,141,89,63.12,N,2013-14
820,820340,N,378,325,85.98,Y,2013-14
820,820346,N,536,428,79.85,Y,2013-14
820,820347,N,461,350,75.92,Y,2013-14
820,820348,N,432,303,70.14,N,2013-14
820,820349,N,402,282,70.15,N,2013-14
820,820350,N,496,318,64.11,Y,2013-14
820,820352,N,524,322,61.45,N,2013-14
820,820354,N,615,361,58.7,Y,2013-14
820,820364,N,417,221,53,Y,2013-14
820,820370,N,509,422,82.91,Y,2013-14
820,820372,N,430,319,74.19,Y,2013-14
820,820376,N,481,381,79.21,Y,2013-14
820,820384,N,606,553,91.25,Y,2013-14
820,820385,N,312,288,92.31,Y,2013-14
820,820388,N,430,337,78.37,Y,2013-14
821,821304,N,467,347,74.3,Y,2013-14
821,821308,N,646,379,58.67,N,2013-14
821,821316,N,489,400,81.8,Y,2013-14
821,821320,N,725,494,68.14,Y,2013-14
821,821330,N,497,358,72.03,Y,2013-14
830,830304,N,497,414,83.3,Y,2013-14
830,830312,N,297,206,69.36,Y,2013-14
830,830316,N,59,48,81.36,N,2013-14
830,830320,N,358,348,97.21,Y,2013-14
830,830328,N,502,395,78.69,Y,2013-14
830,830336,N,280,269,96.07,Y,2013-14
830,830343,N,1315,926,70.42,N,2013-14
830,830344,N,195,179,91.79,Y,2013-14
830,830348,N,170,118,69.41,N,2013-14
830,830349,N,397,305,76.83,Y,2013-14
830,830350,N,517,405,78.34,Y,2013-14
830,830356,N,432,277,64.12,Y,2013-14
830,830360,N,495,435,87.88,Y,2013-14
830,830364,N,365,255,69.86,Y,2013-14
840,840302,N,483,342,70.81,N,2013-14
840,840303,N,424,322,75.94,Y,2013-14
840,840304,N,333,216,64.86,Y,2013-14
840,840308,N,384,222,57.81,Y,2013-14
840,840310,N,563,449,79.75,Y,2013-14
840,840312,N,322,155,48.14,Y,2013-14
840,840316,N,352,276,78.41,Y,2013-14
840,840320,N,412,166,40.29,Y,2013-14
840,840324,N,289,162,56.06,Y,2013-14
840,840328,N,558,267,47.85,N,2013-14
840,840332,N,590,263,44.58,N,2013-14
840,840336,N,405,261,64.44,Y,2013-14
840,840340,N,371,204,54.99,Y,2013-14
840,840344,N,354,157,44.35,Y,2013-14
840,840350,N,748,324,43.32,N,2013-14
840,840356,N,450,222,49.33,N,2013-14
840,840358,N,415,236,56.87,N,2013-14
840,840360,N,321,178,55.45,Y,2013-14
840,840361,N,176,82,46.59,N,2013-14
840,840368,N,865,316,36.53,N,2013-14
840,840370,N,47,44,93.62,N,2013-14
84B,84B000,Y,388,11,2.84,N,2013-14
850,850304,N,784,397,50.64,N,2013-14
850,850308,N,93,74,79.57,Y,2013-14
850,850312,N,212,103,48.58,Y,2013-14
850,850314,N,311,161,51.77,Y,2013-14
850,850316,N,513,323,62.96,Y,2013-14
850,850320,N,208,103,49.52,Y,2013-14
850,850324,N,46,43,93.48,Y,2013-14
850,850328,N,126,90,71.43,Y,2013-14
850,850332,N,414,191,46.14,N,2013-14
850,850336,N,187,135,72.19,Y,2013-14
850,850338,N,318,185,58.18,N,2013-14
850,850340,N,220,148,67.27,Y,2013-14
850,850342,N,451,234,51.88,Y,2013-14
850,850348,N,205,133,64.88,Y,2013-14
850,850350,N,446,255,57.17,N,2013-14
850,850352,N,675,296,43.85,N,2013-14
850,850354,N,264,162,61.36,Y,2013-14
850,850356,N,244,179,73.36,Y,2013-14
850,850358,N,898,339,37.75,N,2013-14
850,850360,N,156,70,44.87,N,2013-14
860,860302,N,399,269,67.42,Y,2013-14
860,860306,N,677,480,70.9,N,2013-14
860,860308,N,384,276,71.88,Y,2013-14
860,860312,N,421,291,69.12,Y,2013-14
860,860316,N,555,222,40,N,2013-14
860,860320,N,288,248,86.11,Y,2013-14
860,860324,N,533,375,70.36,Y,2013-14
860,860326,N,423,229,54.14,N,2013-14
860,860330,N,385,290,75.32,Y,2013-14
860,860332,N,193,139,72.02,Y,2013-14
860,860336,N,842,396,47.03,N,2013-14
860,860339,N,420,240,57.14,Y,2013-14
860,860340,N,519,296,57.03,N,2013-14
860,860344,N,375,284,75.73,Y,2013-14
860,860348,N,286,128,44.76,Y,2013-14
860,860352,N,749,379,50.6,N,2013-14
860,860354,N,325,131,40.31,N,2013-14
860,860356,N,275,180,65.45,Y,2013-14
860,860360,N,347,208,59.94,Y,2013-14
861,861304,N,678,310,45.72,Y,2013-14
861,861308,N,370,134,36.22,N,2013-14
861,861312,N,189,71,37.57,N,2013-14
862,862308,N,416,282,67.79,Y,2013-14
862,862310,N,455,291,63.96,Y,2013-14
862,862312,N,617,251,40.68,N,2013-14
862,862316,N,432,245,56.71,N,2013-14
86T,86T000,Y,515,67,13.01,N,2013-14
870,870312,N,0,0,,N,2013-14
870,870314,N,580,344,59.31,N,2013-14
870,870318,N,445,281,63.15,Y,2013-14
870,870320,N,424,298,70.28,Y,2013-14
870,870324,N,401,264,65.84,Y,2013-14
87A,87A000,Y,174,85,48.85,Y,2013-14
880,880304,N,491,333,67.82,Y,2013-14
880,880308,N,710,316,44.51,N,2013-14
880,880312,N,557,305,54.76,N,2013-14
880,880318,N,542,321,59.23,Y,2013-14
880,880320,N,113,96,84.96,N,2013-14
880,880324,N,369,264,71.54,Y,2013-14
880,880328,N,357,211,59.1,N,2013-14
880,880330,N,278,178,64.03,N,2013-14
880,880336,N,136,94,69.12,Y,2013-14
88A,88A000,Y,242,105,43.39,N,2013-14
890,890304,N,132,79,59.85,N,2013-14
890,890306,N,144,95,65.97,N,2013-14
890,890308,N,313,256,81.79,Y,2013-14
900,900302,N,833,95,11.4,N,2013-14
900,900303,N,732,25,3.42,N,2013-14
900,900304,N,669,593,88.64,Y,2013-14
900,900305,N,878,74,8.43,N,2013-14
900,900306,N,455,443,97.36,Y,2013-14
900,900307,N,778,459,59,Y,2013-14
900,900308,N,807,566,70.14,N,2013-14
900,900310,N,1197,149,12.45,N,2013-14
900,900311,N,1195,172,14.39,N,2013-14
900,900312,N,490,123,25.1,N,2013-14
900,900314,N,945,831,87.94,N,2013-14
900,900316,N,834,614,73.62,N,2013-14
900,900318,N,483,152,31.47,N,2013-14
900,900320,N,711,222,31.22,N,2013-14
900,900328,N,824,69,8.37,N,2013-14
900,900332,N,461,334,72.45,Y,2013-14
900,900334,N,654,27,4.13,N,2013-14
900,900336,N,794,753,94.84,N,2013-14
900,900340,N,315,80,25.4,N,2013-14
900,900341,N,580,265,45.69,N,2013-14
900,900342,N,1315,372,28.29,N,2013-14
900,900343,N,1412,424,30.03,N,2013-14
900,900344,N,799,342,42.8,N,2013-14
900,900346,N,750,324,43.2,N,2013-14
900,900347,N,671,195,29.06,N,2013-14
900,900348,N,1035,248,23.96,N,2013-14
900,900350,N,971,257,26.47,N,2013-14
900,900351,N,581,525,90.36,Y,2013-14
900,900352,N,470,215,45.74,N,2013-14
900,900353,N,885,25,2.82,N,2013-14
900,900354,N,515,286,55.53,Y,2013-14
900,900356,N,592,245,41.39,N,2013-14
900,900358,N,591,153,25.89,N,2013-14
900,900360,N,1190,452,37.98,N,2013-14
900,900362,N,1339,517,38.61,N,2013-14
900,900363,N,668,242,36.23,N,2013-14
900,900364,N,391,223,57.03,Y,2013-14
900,900365,N,124,101,81.45,N,2013-14
900,900366,N,798,200,25.06,N,2013-14
900,900367,N,287,125,43.55,N,2013-14
900,900368,N,718,253,35.24,N,2013-14
900,900370,N,695,630,90.65,Y,2013-14
900,900372,N,589,261,44.31,N,2013-14
900,900376,N,657,44,6.7,N,2013-14
900,900377,N,1240,110,8.87,N,2013-14
900,900378,N,1087,102,9.38,N,2013-14
900,900380,N,556,88,15.83,N,2013-14
900,900384,N,392,203,51.79,Y,2013-14
900,900388,N,587,485,82.62,Y,2013-14
900,900391,N,1382,44,3.18,N,2013-14
900,900392,N,68,36,52.94,N,2013-14
900,900393,N,1340,32,2.39,N,2013-14
90A,90A000,Y,1289,195,15.13,N,2013-14
910,910304,N,427,373,87.35,Y,2013-14
910,910308,N,224,214,95.54,Y,2013-14
910,910311,N,568,510,89.79,Y,2013-14
910,910314,N,489,406,83.03,Y,2013-14
910,910316,N,727,651,89.55,Y,2013-14
910,910320,N,733,656,89.5,Y,2013-14
910,910340,N,199,192,96.48,Y,2013-14
910,910346,N,293,246,83.96,Y,2013-14
910,910356,N,293,282,96.25,Y,2013-14
910,910360,N,467,410,87.79,Y,2013-14
910,910364,N,714,528,73.95,N,2013-14
910,910368,N,87,45,51.72,N,2013-14
910,910370,N,895,597,66.7,N,2013-14
910,910376,N,291,287,98.63,Y,2013-14
910,910380,N,365,315,86.3,Y,2013-14
910,910382,N,235,137,58.3,N,2013-14
91A,91A000,Y,545,83,15.23,N,2013-14
91B,91B000,Y,286,244,85.31,Y,2013-14
920,920302,N,815,548,67.24,Y,2013-14
920,920304,N,794,314,39.55,Y,2013-14
920,920306,N,859,234,27.24,N,2013-14
920,920307,N,786,63,8.02,N,2013-14
920,920308,N,680,264,38.82,Y,2013-14
920,920312,N,1128,232,20.57,N,2013-14
920,920316,N,2510,256,10.2,N,2013-14
920,920318,N,1957,714,36.48,N,2013-14
920,920320,N,567,322,56.79,Y,2013-14
920,920324,N,67,60,89.55,N,2013-14
920,920325,N,776,255,32.86,Y,2013-14
920,920326,N,426,230,53.99,Y,2013-14
920,920327,N,519,180,34.68,Y,2013-14
920,920328,N,877,149,16.99,N,2013-14
920,920329,N,713,550,77.14,Y,2013-14
920,920334,N,759,108,14.23,N,2013-14
920,920336,N,446,359,80.49,Y,2013-14
920,920340,N,618,289,46.76,Y,2013-14
920,920342,N,832,198,23.8,N,2013-14
920,920344,N,570,142,24.91,N,2013-14
920,920348,N,2156,851,39.47,N,2013-14
920,920352,N,591,377,63.79,Y,2013-14
920,920356,N,1220,425,34.84,N,2013-14
920,920358,N,673,150,22.29,N,2013-14
920,920360,N,855,516,60.35,N,2013-14
920,920362,N,481,288,59.88,Y,2013-14
920,920364,N,551,243,44.1,Y,2013-14
920,920368,N,2293,838,36.55,N,2013-14
920,920369,N,858,81,9.44,N,2013-14
920,920370,N,603,286,47.43,N,2013-14
920,920376,N,908,313,34.47,Y,2013-14
920,920380,N,655,315,48.09,Y,2013-14
920,920384,N,595,493,82.86,Y,2013-14
920,920388,N,1126,508,45.12,N,2013-14
920,920390,N,964,51,5.29,N,2013-14
920,920391,N,1136,93,8.19,N,2013-14
920,920393,N,692,439,63.44,Y,2013-14
920,920394,N,1083,541,49.95,N,2013-14
920,920396,N,720,264,36.67,Y,2013-14
920,920398,N,937,328,35.01,Y,2013-14
920,920399,N,1357,547,40.31,N,2013-14
920,920400,N,828,429,51.81,N,2013-14
920,920402,N,816,302,37.01,N,2013-14
920,920403,N,617,481,77.96,Y,2013-14
920,920404,N,1336,832,62.28,N,2013-14
920,920408,N,988,667,67.51,N,2013-14
920,920410,N,939,691,73.59,N,2013-14
920,920412,N,2739,1045,38.15,N,2013-14
920,920413,N,681,401,58.88,Y,2013-14
920,920414,N,846,226,26.71,N,2013-14
920,920415,N,815,671,82.33,Y,2013-14
920,920416,N,608,263,43.26,Y,2013-14
920,920417,N,645,225,34.88,Y,2013-14
920,920420,N,727,325,44.7,Y,2013-14
920,920424,N,822,420,51.09,N,2013-14
920,920428,N,1978,662,33.47,N,2013-14
920,920436,N,2452,1140,46.49,N,2013-14
920,920438,N,10,9,90,N,2013-14
920,920439,N,823,103,12.52,N,2013-14
920,920440,N,493,352,71.4,Y,2013-14
920,920441,N,2277,160,7.03,N,2013-14
920,920442,N,670,190,28.36,N,2013-14
920,920443,N,898,45,5.01,N,2013-14
920,920444,N,1315,239,18.17,N,2013-14
920,920445,N,1798,508,28.25,N,2013-14
920,920446,N,579,501,86.53,Y,2013-14
920,920447,N,1026,132,12.87,N,2013-14
920,920448,N,711,328,46.13,Y,2013-14
920,920449,N,856,246,28.74,N,2013-14
920,920450,N,1107,317,28.64,N,2013-14
920,920451,N,963,324,33.64,Y,2013-14
920,920452,N,485,148,30.52,N,2013-14
920,920453,N,847,111,13.11,N,2013-14
920,920454,N,869,114,13.12,N,2013-14
920,920455,N,2299,491,21.36,N,2013-14
920,920456,N,745,193,25.91,N,2013-14
920,920457,N,1166,162,13.89,N,2013-14
920,920458,N,1380,347,25.14,N,2013-14
920,920460,N,351,224,63.82,Y,2013-14
920,920464,N,755,553,73.25,Y,2013-14
920,920466,N,1632,985,60.36,N,2013-14
920,920467,N,977,142,14.53,N,2013-14
920,920468,N,762,196,25.72,N,2013-14
920,920469,N,898,249,27.73,N,2013-14
920,920470,N,547,228,41.68,Y,2013-14
920,920471,N,1164,331,28.44,N,2013-14
920,920472,N,1169,372,31.82,N,2013-14
920,920473,N,2244,482,21.48,N,2013-14
920,920474,N,605,286,47.27,Y,2013-14
920,920476,N,471,328,69.64,Y,2013-14
920,920480,N,761,444,58.34,Y,2013-14
920,920484,N,967,151,15.62,N,2013-14
920,920488,N,552,340,61.59,Y,2013-14
920,920492,N,1039,287,27.62,N,2013-14
920,920494,N,870,171,19.66,N,2013-14
920,920495,N,2133,638,29.91,N,2013-14
920,920496,N,819,551,67.28,Y,2013-14
920,920500,N,2580,859,33.29,N,2013-14
920,920501,N,1004,84,8.37,N,2013-14
920,920502,N,1582,179,11.31,N,2013-14
920,920504,N,823,56,6.8,N,2013-14
920,920506,N,498,286,57.43,N,2013-14
920,920508,N,34,26,76.47,N,2013-14
920,920512,N,1079,577,53.48,N,2013-14
920,920514,N,812,179,22.04,N,2013-14
920,920516,N,718,305,42.48,Y,2013-14
920,920520,N,506,235,46.44,Y,2013-14
920,920522,N,768,113,14.71,N,2013-14
920,920523,N,989,75,7.58,N,2013-14
920,920524,N,376,96,25.53,N,2013-14
920,920525,N,322,95,29.5,N,2013-14
920,920526,N,2506,323,12.89,N,2013-14
920,920528,N,139,112,80.58,N,2013-14
920,920530,N,712,181,25.42,N,2013-14
920,920531,N,567,50,8.82,N,2013-14
920,920532,N,380,229,60.26,Y,2013-14
920,920536,N,455,276,60.66,Y,2013-14
920,920540,N,547,202,36.93,Y,2013-14
920,920542,N,680,368,54.12,Y,2013-14
920,920543,N,127,88,69.29,Y,2013-14
920,920544,N,659,277,42.03,Y,2013-14
920,920545,N,957,376,39.29,N,2013-14
920,920546,N,557,269,48.29,N,2013-14
920,920548,N,517,165,31.91,N,2013-14
920,920550,N,856,209,24.42,N,2013-14
920,920551,N,1239,219,17.68,N,2013-14
920,920552,N,1978,727,36.75,N,2013-14
920,920554,N,695,189,27.19,N,2013-14
920,920560,N,647,501,77.43,Y,2013-14
920,920562,N,1658,965,58.2,N,2013-14
920,920564,N,602,367,60.96,Y,2013-14
920,920568,N,545,254,46.61,Y,2013-14
920,920569,N,1110,50,4.5,N,2013-14
920,920570,N,651,321,49.31,Y,2013-14
920,920571,N,762,112,14.7,N,2013-14
920,920572,N,543,110,20.26,N,2013-14
920,920576,N,481,212,44.07,Y,2013-14
920,920580,N,577,322,55.81,Y,2013-14
920,920582,N,167,63,37.72,N,2013-14
920,920583,N,285,99,34.74,N,2013-14
920,920584,N,566,220,38.87,Y,2013-14
920,920585,N,226,85,37.61,N,2013-14
920,920586,N,244,104,42.62,N,2013-14
920,920588,N,1913,557,29.12,N,2013-14
920,920592,N,1013,426,42.05,N,2013-14
920,920593,N,649,220,33.9,Y,2013-14
920,920594,N,1174,333,28.36,N,2013-14
920,920595,N,2454,818,33.33,N,2013-14
920,920596,N,576,186,32.29,N,2013-14
920,920597,N,536,431,80.41,Y,2013-14
920,920598,N,697,233,33.43,Y,2013-14
920,920599,N,857,724,84.48,Y,2013-14
920,920600,N,468,289,61.75,Y,2013-14
920,920601,N,970,626,64.54,N,2013-14
920,920604,N,866,226,26.1,N,2013-14
920,920606,N,916,157,17.14,N,2013-14
920,920607,N,1298,307,23.65,N,2013-14
920,920608,N,950,409,43.05,N,2013-14
920,920616,N,812,576,70.94,Y,2013-14
920,920618,N,770,397,51.56,Y,2013-14
920,920620,N,463,126,27.21,N,2013-14
920,920624,N,935,297,31.76,N,2013-14
920,920626,N,560,320,57.14,Y,2013-14
920,920628,N,520,275,52.88,Y,2013-14
920,920632,N,535,361,67.48,Y,2013-14
920,920636,N,582,383,65.81,N,2013-14
920,920700,N,360,179,49.72,N,2013-14
920,920701,N,324,210,64.81,N,2013-14
920,920702,N,384,236,61.46,N,2013-14
920,920703,N,362,193,53.31,N,2013-14
92B,92B000,Y,204,2,0.98,N,2013-14
92D,92D000,Y,398,0,0,N,2013-14
92E,92,Y,712,15,2.11,N,2013-14
92F,92F000,Y,0,0,,N,2013-14
92G,92G000,Y,1101,121,10.99,Y,2013-14
92K,92K000,Y,551,0,0,N,2013-14
92L,92L000,Y,402,357,88.81,Y,2013-14
92M,92M000,Y,557,403,72.35,Y,2013-14
92N,92N000,Y,133,0,0,N,2013-14
92P,92P000,Y,,,,N,2013-14
92Q,92Q000,Y,122,113,92.62,Y,2013-14
92R,92R000,Y,372,76,20.43,Y,2013-14
92S,92S000,Y,0,0,,N,2013-14
92T,92T000,Y,344,32,9.3,N,2013-14
92U,92U000,Y,225,10,4.44,N,2013-14
930,930330,N,298,265,88.93,Y,2013-14
930,930340,N,337,296,87.83,Y,2013-14
930,930344,N,197,175,88.83,Y,2013-14
930,930348,N,251,211,84.06,Y,2013-14
930,930352,N,388,278,71.65,N,2013-14
930,930354,N,540,464,85.93,Y,2013-14
930,930360,N,114,37,32.46,N,2013-14
930,930700,N,185,109,58.92,N,2013-14
93A,93A000,Y,175,136,77.71,Y,2013-14
940,940306,N,222,161,72.52,Y,2013-14
940,940308,N,180,143,79.44,Y,2013-14
940,940314,N,676,627,92.75,Y,2013-14
940,940316,N,427,373,87.35,Y,2013-14
940,940328,N,320,309,96.56,Y,2013-14
950,950308,N,174,108,62.07,Y,2013-14
950,950312,N,329,73,22.19,N,2013-14
950,950316,N,295,167,56.61,Y,2013-14
950,950320,N,394,210,53.3,Y,2013-14
950,950322,N,766,308,40.21,Y,2013-14
950,950324,N,193,116,60.1,Y,2013-14
950,950328,N,511,196,38.36,N,2013-14
950,950332,N,387,148,38.24,N,2013-14
950,950336,N,1371,395,28.81,N,2013-14
95A,95A000,Y,192,85,44.27,Y,2013-14
960,960312,N,544,484,88.97,Y,2013-14
960,960314,N,798,736,92.23,Y,2013-14
960,960316,N,644,491,76.24,Y,2013-14
960,960318,N,301,285,94.68,Y,2013-14
960,960324,N,1144,397,34.7,N,2013-14
960,960326,N,608,555,91.28,Y,2013-14
960,960329,N,775,544,70.19,Y,2013-14
960,960330,N,1022,441,43.15,N,2013-14
960,960331,N,638,407,63.79,N,2013-14
960,960332,N,102,96,94.12,N,2013-14
960,960334,N,258,174,67.44,Y,2013-14
960,960335,N,441,356,80.73,N,2013-14
960,960336,N,868,543,62.56,Y,2013-14
960,960340,N,537,367,68.34,N,2013-14
960,960344,N,694,466,67.15,Y,2013-14
960,960348,N,460,330,71.74,Y,2013-14
960,960360,N,1056,517,48.96,N,2013-14
960,960370,N,713,360,50.49,Y,2013-14
960,960372,N,479,169,35.28,N,2013-14
960,960374,N,433,213,49.19,N,2013-14
960,960376,N,202,197,97.52,Y,2013-14
960,960380,N,943,583,61.82,N,2013-14
960,960382,N,971,728,74.97,Y,2013-14
960,960386,N,940,585,62.23,N,2013-14
960,960388,N,630,350,55.56,Y,2013-14
960,960390,N,483,464,96.07,Y,2013-14
960,960450,N,678,371,54.72,Y,2013-14
960,960454,N,892,387,43.39,Y,2013-14
960,960488,N,147,125,85.03,N,2013-14
960,960490,N,257,85,33.07,N,2013-14
960,960700,N,355,129,36.34,N,2013-14
96C,96C000,Y,185,182,98.38,Y,2013-14
970,970308,N,151,139,92.05,Y,2013-14
970,970310,N,302,232,76.82,Y,2013-14
970,970312,N,426,347,81.46,Y,2013-14
970,970315,N,737,519,70.42,N,2013-14
970,970320,N,498,272,54.62,N,2013-14
970,970322,N,440,285,64.77,N,2013-14
970,970337,N,859,629,73.22,Y,2013-14
970,970340,N,202,202,100,Y,2013-14
970,970344,N,253,163,64.43,Y,2013-14
970,970348,N,554,449,81.05,Y,2013-14
970,970352,N,425,381,89.65,Y,2013-14
970,970356,N,625,359,57.44,N,2013-14
970,970358,N,598,435,72.74,N,2013-14
970,970360,N,280,280,100,Y,2013-14
970,970368,N,226,176,77.88,Y,2013-14
970,970370,N,266,187,70.3,Y,2013-14
970,970376,N,151,118,78.15,Y,2013-14
970,970388,N,658,348,52.89,N,2013-14
970,970389,N,659,396,60.09,N,2013-14
970,970390,N,822,413,50.24,N,2013-14
970,970392,N,377,219,58.09,Y,2013-14
970,970393,N,213,130,61.03,N,2013-14
97D,97D000,Y,117,115,98.29,Y,2013-14
980,980306,N,50,48,96,N,2013-14
980,980308,N,440,413,93.86,Y,2013-14
980,980317,N,383,364,95.04,Y,2013-14
980,980318,N,726,533,73.42,N,2013-14
980,980320,N,339,261,76.99,Y,2013-14
980,980324,N,470,241,51.28,N,2013-14
980,980336,N,1089,680,62.44,N,2013-14
980,980338,N,661,421,63.69,N,2013-14
980,980340,N,317,247,77.92,Y,2013-14
980,980342,N,1210,644,53.22,N,2013-14
980,980344,N,651,388,59.6,Y,2013-14
980,980348,N,248,169,68.15,Y,2013-14
980,980352,N,413,306,74.09,Y,2013-14
980,980356,N,533,518,97.19,Y,2013-14
980,980357,N,277,271,97.83,Y,2013-14
980,980360,N,537,204,37.99,N,2013-14
980,980364,N,513,242,47.17,Y,2013-14
980,980380,N,395,306,77.47,Y,2013-14
980,980384,N,499,302,60.52,N,2013-14
980,980388,N,271,211,77.86,Y,2013-14
980,980390,N,493,367,74.44,N,2013-14
980,980392,N,452,261,57.74,Y,2013-14
980,980396,N,489,312,63.8,Y,2013-14
980,980398,N,196,94,47.96,N,2013-14
980,980400,N,405,377,93.09,Y,2013-14
98A,98A000,Y,751,733,97.6,Y,2013-14
990,990304,N,329,193,58.66,Y,2013-14
990,990308,N,284,174,61.27,Y,2013-14
990,990312,N,275,168,61.09,Y,2013-14
990,990316,N,296,155,52.36,Y,2013-14
990,990320,N,271,84,31,N,2013-14
990,990321,N,515,249,48.35,N,2013-14
990,990322,N,863,336,38.93,N,2013-14
990,990324,N,314,226,71.97,Y,2013-14
990,990325,N,381,226,59.32,N,2013-14
990,990326,N,605,226,37.36,N,2013-14
990,990328,N,545,379,69.54,Y,2013-14
990,990332,N,187,99,52.94,N,2013-14
990,990336,N,600,443,73.83,Y,2013-14
990,990340,N,64,53,82.81,N,2013-14
995,995304,N,179,120,67.04,Y,2013-14
995,995308,N,62,39,62.9,Y,2013-14
995,995312,N,396,276,69.7,Y,2013-14
995,995316,N,263,158,60.08,Y,2013-14
995,995320,N,116,74,63.79,Y,2013-14
995,995324,N,301,194,64.45,Y,2013-14
995,995328,N,175,118,67.43,Y,2013-14
995,995330,N,644,316,49.07,N,2013-14
995,995336,N,112,75,66.96,Y,2013-14
